x-axis,1,2,3
second,Volt,Volt,Volt
-862.00E-03,+1.54953E+00,+19.40E-03,-8.37E-03
-861.00E-03,+1.55162E+00,+44.51E-03,+62.76E-03
-860.00E-03,+1.52024E+00,+38.23E-03,-25.10E-03
-859.00E-03,+1.56627E+00,+52.88E-03,+33.47E-03
-858.00E-03,+1.54953E+00,+8.94E-03,-8.37E-03
-857.00E-03,+1.53698E+00,+57.06E-03,-58.58E-03
-856.00E-03,+1.56417E+00,+40.32E-03,-25.10E-03
-855.00E-03,+1.55999E+00,+4.76E-03,+33.47E-03
-854.00E-03,+1.57673E+00,+31.96E-03,+33.47E-03
-853.00E-03,+1.56627E+00,+57.06E-03,+0.0E+00
-852.00E-03,+1.57882E+00,+44.51E-03,+4.18E-03
-851.00E-03,+1.57254E+00,+38.23E-03,+20.92E-03
-850.00E-03,+1.55999E+00,+29.86E-03,+20.92E-03
-849.00E-03,+1.56627E+00,+42.42E-03,+29.29E-03
-848.00E-03,+1.54953E+00,+13.13E-03,+33.47E-03
-847.00E-03,+1.55581E+00,+42.42E-03,+20.92E-03
-846.00E-03,+1.57254E+00,+31.96E-03,+12.55E-03
-845.00E-03,+1.58091E+00,+44.51E-03,+29.29E-03
-844.00E-03,+1.58091E+00,+42.42E-03,+29.29E-03
-843.00E-03,+1.57673E+00,+69.61E-03,+12.55E-03
-842.00E-03,+1.57673E+00,+59.15E-03,+12.55E-03
-841.00E-03,+1.58091E+00,+69.61E-03,+29.29E-03
-840.00E-03,+1.57882E+00,+90.53E-03,+8.37E-03
-839.00E-03,+1.57673E+00,+82.17E-03,+25.10E-03
-838.00E-03,+1.58091E+00,+96.81E-03,+41.84E-03
-837.00E-03,+1.56836E+00,+105.18E-03,+37.66E-03
-836.00E-03,+1.57254E+00,+142.83E-03,+4.18E-03
-835.00E-03,+1.57254E+00,+147.02E-03,+0.0E+00
-834.00E-03,+1.58928E+00,+178.40E-03,+0.0E+00
-833.00E-03,+1.58300E+00,+207.69E-03,+58.58E-03
-832.00E-03,+1.59555E+00,+251.62E-03,+4.18E-03
-831.00E-03,+1.58300E+00,+259.99E-03,+54.39E-03
-830.00E-03,+1.57045E+00,+291.37E-03,+0.0E+00
-829.00E-03,+1.56417E+00,+310.20E-03,+4.18E-03
-828.00E-03,+1.59974E+00,+329.03E-03,-33.47E-03
-827.00E-03,+1.57673E+00,+377.14E-03,+33.47E-03
-826.00E-03,+1.57254E+00,+431.54E-03,+8.37E-03
-825.00E-03,+1.59765E+00,+446.18E-03,+62.76E-03
-824.00E-03,+1.56836E+00,+502.67E-03,+33.47E-03
-823.00E-03,+1.59346E+00,+527.77E-03,+12.55E-03
-822.00E-03,+1.60392E+00,+529.86E-03,+20.92E-03
-821.00E-03,+1.58300E+00,+592.63E-03,+33.47E-03
-820.00E-03,+1.58300E+00,+611.45E-03,+4.18E-03
-819.00E-03,+1.58719E+00,+605.18E-03,-20.92E-03
-818.00E-03,+1.58928E+00,+642.83E-03,+0.0E+00
-817.00E-03,+1.58719E+00,+678.40E-03,+4.18E-03
-816.00E-03,+1.56627E+00,+711.87E-03,+37.66E-03
-815.00E-03,+1.59974E+00,+718.15E-03,+12.55E-03
-814.00E-03,+1.59346E+00,+732.79E-03,+0.0E+00
-813.00E-03,+1.58509E+00,+776.73E-03,+4.18E-03
-812.00E-03,+1.59974E+00,+780.91E-03,+0.0E+00
-811.00E-03,+1.59346E+00,+778.82E-03,+4.18E-03
-810.00E-03,+1.56627E+00,+818.57E-03,+20.92E-03
-809.00E-03,+1.56836E+00,+814.38E-03,+4.18E-03
-808.00E-03,+1.58300E+00,+812.29E-03,+54.39E-03
-807.00E-03,+1.61020E+00,+845.76E-03,+0.0E+00
-806.00E-03,+1.59555E+00,+845.76E-03,+0.0E+00
-805.00E-03,+1.58300E+00,+862.50E-03,+33.47E-03
-804.00E-03,+1.58300E+00,+862.50E-03,+4.18E-03
-803.00E-03,+1.57673E+00,+889.70E-03,+0.0E+00
-802.00E-03,+1.61020E+00,+879.24E-03,-8.37E-03
-801.00E-03,+1.58091E+00,+866.68E-03,+0.0E+00
-800.00E-03,+1.61229E+00,+883.42E-03,+33.47E-03
-799.00E-03,+1.59974E+00,+916.89E-03,+41.84E-03
-798.00E-03,+1.57673E+00,+895.97E-03,+0.0E+00
-797.00E-03,+1.61438E+00,+898.06E-03,+0.0E+00
-796.00E-03,+1.61438E+00,+910.62E-03,+0.0E+00
-795.00E-03,+1.59974E+00,+918.99E-03,+4.18E-03
-794.00E-03,+1.58928E+00,+918.99E-03,+20.92E-03
-793.00E-03,+1.59765E+00,+883.42E-03,+33.47E-03
-792.00E-03,+1.56627E+00,+912.71E-03,+33.47E-03
-791.00E-03,+1.57463E+00,+908.53E-03,+46.03E-03
-790.00E-03,+1.61020E+00,+923.17E-03,+33.47E-03
-789.00E-03,+1.57045E+00,+900.16E-03,+25.10E-03
-788.00E-03,+1.60183E+00,+912.71E-03,+0.0E+00
-787.00E-03,+1.57673E+00,+923.17E-03,+0.0E+00
-786.00E-03,+1.56208E+00,+923.17E-03,+20.92E-03
-785.00E-03,+1.59765E+00,+931.54E-03,+0.0E+00
-784.00E-03,+1.58091E+00,+960.83E-03,-25.10E-03
-783.00E-03,+1.58300E+00,+956.64E-03,+8.37E-03
-782.00E-03,+1.57673E+00,+923.17E-03,+20.92E-03
-781.00E-03,+1.58509E+00,+946.18E-03,+58.58E-03
-780.00E-03,+1.59555E+00,+948.27E-03,+29.29E-03
-779.00E-03,+1.58928E+00,+923.17E-03,+33.47E-03
-778.00E-03,+1.62275E+00,+946.18E-03,+0.0E+00
-777.00E-03,+1.58509E+00,+948.27E-03,+33.47E-03
-776.00E-03,+1.59974E+00,+948.27E-03,+62.76E-03
-775.00E-03,+1.57673E+00,+952.46E-03,+12.55E-03
-774.00E-03,+1.58300E+00,+935.72E-03,-54.39E-03
-773.00E-03,+1.58300E+00,+946.18E-03,+25.10E-03
-772.00E-03,+1.58509E+00,+962.92E-03,+4.18E-03
-771.00E-03,+1.57254E+00,+946.18E-03,+25.10E-03
-770.00E-03,+1.57882E+00,+935.72E-03,+46.03E-03
-769.00E-03,+1.58719E+00,+944.09E-03,+0.0E+00
-768.00E-03,+1.58300E+00,+946.18E-03,+25.10E-03
-767.00E-03,+1.56627E+00,+935.72E-03,-20.92E-03
-766.00E-03,+1.58300E+00,+929.45E-03,+12.55E-03
-765.00E-03,+1.58091E+00,+946.18E-03,+4.18E-03
-764.00E-03,+1.56836E+00,+962.92E-03,-29.29E-03
-763.00E-03,+1.58300E+00,+950.37E-03,+20.92E-03
-762.00E-03,+1.56627E+00,+952.46E-03,-20.92E-03
-761.00E-03,+1.58509E+00,+965.01E-03,-25.10E-03
-760.00E-03,+1.56627E+00,+950.37E-03,-29.29E-03
-759.00E-03,+1.58509E+00,+946.18E-03,+8.37E-03
-758.00E-03,+1.58300E+00,+939.91E-03,+33.47E-03
-757.00E-03,+1.62903E+00,+977.56E-03,+33.47E-03
-756.00E-03,+1.58091E+00,+948.27E-03,+29.29E-03
-755.00E-03,+1.57673E+00,+952.46E-03,+12.55E-03
-754.00E-03,+1.58300E+00,+946.18E-03,-12.55E-03
-753.00E-03,+1.57045E+00,+946.18E-03,+54.39E-03
-752.00E-03,+1.59765E+00,+944.09E-03,+0.0E+00
-751.00E-03,+1.57673E+00,+946.18E-03,+33.47E-03
-750.00E-03,+1.57673E+00,+962.92E-03,+33.47E-03
-749.00E-03,+1.58509E+00,+944.09E-03,-4.18E-03
-748.00E-03,+1.56836E+00,+948.27E-03,+29.29E-03
-747.00E-03,+1.57882E+00,+950.37E-03,+12.55E-03
-746.00E-03,+1.58300E+00,+958.73E-03,-20.92E-03
-745.00E-03,+1.57045E+00,+944.09E-03,-8.37E-03
-744.00E-03,+1.59974E+00,+933.63E-03,+4.18E-03
-743.00E-03,+1.57254E+00,+952.46E-03,+25.10E-03
-742.00E-03,+1.58300E+00,+967.10E-03,-8.37E-03
-741.00E-03,+1.58300E+00,+944.09E-03,+4.18E-03
-740.00E-03,+1.57045E+00,+946.18E-03,+0.0E+00
-739.00E-03,+1.59765E+00,+931.54E-03,+33.47E-03
-738.00E-03,+1.57673E+00,+950.37E-03,-20.92E-03
-737.00E-03,+1.57045E+00,+946.18E-03,+29.29E-03
-736.00E-03,+1.56627E+00,+958.73E-03,-54.39E-03
-735.00E-03,+1.56627E+00,+946.18E-03,-8.37E-03
-734.00E-03,+1.59555E+00,+939.91E-03,+0.0E+00
-733.00E-03,+1.56836E+00,+942.00E-03,+0.0E+00
-732.00E-03,+1.59765E+00,+960.83E-03,+0.0E+00
-731.00E-03,+1.59555E+00,+946.18E-03,+20.92E-03
-730.00E-03,+1.57254E+00,+939.91E-03,-20.92E-03
-729.00E-03,+1.59555E+00,+944.09E-03,+4.18E-03
-728.00E-03,+1.56627E+00,+927.35E-03,+29.29E-03
-727.00E-03,+1.56836E+00,+939.91E-03,+33.47E-03
-726.00E-03,+1.55371E+00,+935.72E-03,-20.92E-03
-725.00E-03,+1.56627E+00,+929.45E-03,+37.66E-03
-724.00E-03,+1.56627E+00,+927.35E-03,+0.0E+00
-723.00E-03,+1.55999E+00,+967.10E-03,+0.0E+00
-722.00E-03,+1.55581E+00,+916.89E-03,+12.55E-03
-721.00E-03,+1.56627E+00,+925.26E-03,+4.18E-03
-720.00E-03,+1.56836E+00,+914.80E-03,-4.18E-03
-719.00E-03,+1.57673E+00,+912.71E-03,-12.55E-03
-718.00E-03,+1.56417E+00,+906.43E-03,-8.37E-03
-717.00E-03,+1.57882E+00,+912.71E-03,+0.0E+00
-716.00E-03,+1.53488E+00,+910.62E-03,+4.18E-03
-715.00E-03,+1.57254E+00,+927.35E-03,-8.37E-03
-714.00E-03,+1.54953E+00,+900.16E-03,+66.95E-03
-713.00E-03,+1.56417E+00,+893.88E-03,+33.47E-03
-712.00E-03,+1.54953E+00,+895.97E-03,+58.58E-03
-711.00E-03,+1.53698E+00,+885.51E-03,+20.92E-03
-710.00E-03,+1.52233E+00,+885.51E-03,+0.0E+00
-709.00E-03,+1.51606E+00,+891.79E-03,-4.18E-03
-708.00E-03,+1.51396E+00,+895.97E-03,+4.18E-03
-707.00E-03,+1.52652E+00,+858.32E-03,-12.55E-03
-706.00E-03,+1.51606E+00,+883.42E-03,+12.55E-03
-705.00E-03,+1.50350E+00,+881.33E-03,+33.47E-03
-704.00E-03,+1.51187E+00,+879.24E-03,+29.29E-03
-703.00E-03,+1.48886E+00,+881.33E-03,+12.55E-03
-702.00E-03,+1.48468E+00,+856.22E-03,-33.47E-03
-701.00E-03,+1.47003E+00,+889.70E-03,-25.10E-03
-700.00E-03,+1.48258E+00,+864.59E-03,+29.29E-03
-699.00E-03,+1.46166E+00,+835.30E-03,+0.0E+00
-698.00E-03,+1.46585E+00,+872.96E-03,+20.92E-03
-697.00E-03,+1.47631E+00,+856.22E-03,+37.66E-03
-696.00E-03,+1.46585E+00,+858.32E-03,-4.18E-03
-695.00E-03,+1.46585E+00,+877.14E-03,+29.29E-03
-694.00E-03,+1.45957E+00,+841.58E-03,+33.47E-03
-693.00E-03,+1.48049E+00,+845.76E-03,+0.0E+00
-692.00E-03,+1.48049E+00,+841.58E-03,+4.18E-03
-691.00E-03,+1.44911E+00,+866.68E-03,+0.0E+00
-690.00E-03,+1.47840E+00,+856.22E-03,-20.92E-03
-689.00E-03,+1.45329E+00,+875.05E-03,+25.10E-03
-688.00E-03,+1.46166E+00,+860.41E-03,-4.18E-03
-687.00E-03,+1.44911E+00,+847.86E-03,+12.55E-03
-686.00E-03,+1.46585E+00,+841.58E-03,-4.18E-03
-685.00E-03,+1.43656E+00,+841.58E-03,-4.18E-03
-684.00E-03,+1.49723E+00,+845.76E-03,+8.37E-03
-683.00E-03,+1.45120E+00,+835.30E-03,+20.92E-03
-682.00E-03,+1.48886E+00,+845.76E-03,-8.37E-03
-681.00E-03,+1.48258E+00,+847.86E-03,+0.0E+00
-680.00E-03,+1.46376E+00,+875.05E-03,-25.10E-03
-679.00E-03,+1.51396E+00,+833.21E-03,+33.47E-03
-678.00E-03,+1.47631E+00,+856.22E-03,+62.76E-03
-677.00E-03,+1.51187E+00,+866.68E-03,+29.29E-03
-676.00E-03,+1.49095E+00,+860.41E-03,+29.29E-03
-675.00E-03,+1.53698E+00,+864.59E-03,-20.92E-03
-674.00E-03,+1.51606E+00,+849.95E-03,+12.55E-03
-673.00E-03,+1.54535E+00,+877.14E-03,+0.0E+00
-672.00E-03,+1.50350E+00,+895.97E-03,+25.10E-03
-671.00E-03,+1.52233E+00,+889.70E-03,+0.0E+00
-670.00E-03,+1.54535E+00,+879.24E-03,-12.55E-03
-669.00E-03,+1.54744E+00,+881.33E-03,-33.47E-03
-668.00E-03,+1.49932E+00,+895.97E-03,+41.84E-03
-667.00E-03,+1.53488E+00,+895.97E-03,+20.92E-03
-666.00E-03,+1.54325E+00,+906.43E-03,-20.92E-03
-665.00E-03,+1.54744E+00,+895.97E-03,+0.0E+00
-664.00E-03,+1.58091E+00,+914.80E-03,-25.10E-03
-663.00E-03,+1.55999E+00,+912.71E-03,+20.92E-03
-662.00E-03,+1.57673E+00,+929.45E-03,+0.0E+00
-661.00E-03,+1.57882E+00,+910.62E-03,+4.18E-03
-660.00E-03,+1.58091E+00,+944.09E-03,+29.29E-03
-659.00E-03,+1.57673E+00,+918.99E-03,-25.10E-03
-658.00E-03,+1.57254E+00,+933.63E-03,+33.47E-03
-657.00E-03,+1.56627E+00,+946.18E-03,+33.47E-03
-656.00E-03,+1.58300E+00,+946.18E-03,-8.37E-03
-655.00E-03,+1.57673E+00,+923.17E-03,+12.55E-03
-654.00E-03,+1.57882E+00,+929.45E-03,+0.0E+00
-653.00E-03,+1.59555E+00,+929.45E-03,+37.66E-03
-652.00E-03,+1.58300E+00,+946.18E-03,+58.58E-03
-651.00E-03,+1.57673E+00,+935.72E-03,+20.92E-03
-650.00E-03,+1.58300E+00,+921.08E-03,+0.0E+00
-649.00E-03,+1.59555E+00,+927.35E-03,-62.76E-03
-648.00E-03,+1.58509E+00,+948.27E-03,-25.10E-03
-647.00E-03,+1.57673E+00,+929.45E-03,+54.39E-03
-646.00E-03,+1.60601E+00,+929.45E-03,+20.92E-03
-645.00E-03,+1.58509E+00,+929.45E-03,+0.0E+00
-644.00E-03,+1.58719E+00,+931.54E-03,+0.0E+00
-643.00E-03,+1.58928E+00,+946.18E-03,-12.55E-03
-642.00E-03,+1.57882E+00,+929.45E-03,+8.37E-03
-641.00E-03,+1.58300E+00,+931.54E-03,-25.10E-03
-640.00E-03,+1.59555E+00,+933.63E-03,+4.18E-03
-639.00E-03,+1.57254E+00,+935.72E-03,-8.37E-03
-638.00E-03,+1.58928E+00,+946.18E-03,+12.55E-03
-637.00E-03,+1.58719E+00,+931.54E-03,+0.0E+00
-636.00E-03,+1.56836E+00,+946.18E-03,+33.47E-03
-635.00E-03,+1.58300E+00,+950.37E-03,+12.55E-03
-634.00E-03,+1.56627E+00,+956.64E-03,+41.84E-03
-633.00E-03,+1.58719E+00,+958.73E-03,+0.0E+00
-632.00E-03,+1.58928E+00,+931.54E-03,+29.29E-03
-631.00E-03,+1.59346E+00,+956.64E-03,+25.10E-03
-630.00E-03,+1.58719E+00,+954.55E-03,+12.55E-03
-629.00E-03,+1.58300E+00,+960.83E-03,+0.0E+00
-628.00E-03,+1.58509E+00,+948.27E-03,+29.29E-03
-627.00E-03,+1.56627E+00,+946.18E-03,+8.37E-03
-626.00E-03,+1.57254E+00,+931.54E-03,+33.47E-03
-625.00E-03,+1.59765E+00,+931.54E-03,-8.37E-03
-624.00E-03,+1.61229E+00,+950.37E-03,+37.66E-03
-623.00E-03,+1.58300E+00,+946.18E-03,+25.10E-03
-622.00E-03,+1.60392E+00,+956.64E-03,-20.92E-03
-621.00E-03,+1.61020E+00,+933.63E-03,+0.0E+00
-620.00E-03,+1.58300E+00,+948.27E-03,+33.47E-03
-619.00E-03,+1.59346E+00,+939.91E-03,+12.55E-03
-618.00E-03,+1.58928E+00,+956.64E-03,+0.0E+00
-617.00E-03,+1.60811E+00,+946.18E-03,+25.10E-03
-616.00E-03,+1.60183E+00,+962.92E-03,+29.29E-03
-615.00E-03,+1.58300E+00,+929.45E-03,-33.47E-03
-614.00E-03,+1.58091E+00,+967.10E-03,+12.55E-03
-613.00E-03,+1.58509E+00,+962.92E-03,+25.10E-03
-612.00E-03,+1.58300E+00,+931.54E-03,-33.47E-03
-611.00E-03,+1.59555E+00,+958.73E-03,+33.47E-03
-610.00E-03,+1.59346E+00,+944.09E-03,+33.47E-03
-609.00E-03,+1.58509E+00,+962.92E-03,+33.47E-03
-608.00E-03,+1.61438E+00,+956.64E-03,+25.10E-03
-607.00E-03,+1.59346E+00,+929.45E-03,+0.0E+00
-606.00E-03,+1.61020E+00,+952.46E-03,+25.10E-03
-605.00E-03,+1.58928E+00,+931.54E-03,-29.29E-03
-604.00E-03,+1.59974E+00,+948.27E-03,+0.0E+00
-603.00E-03,+1.61647E+00,+946.18E-03,+20.92E-03
-602.00E-03,+1.60601E+00,+950.37E-03,+0.0E+00
-601.00E-03,+1.58509E+00,+942.00E-03,+0.0E+00
-600.00E-03,+1.61020E+00,+950.37E-03,+4.18E-03
-599.00E-03,+1.60392E+00,+960.83E-03,+20.92E-03
-598.00E-03,+1.60601E+00,+950.37E-03,+0.0E+00
-597.00E-03,+1.58300E+00,+942.00E-03,+58.58E-03
-596.00E-03,+1.59974E+00,+944.09E-03,+0.0E+00
-595.00E-03,+1.57673E+00,+950.37E-03,+25.10E-03
-594.00E-03,+1.58928E+00,+962.92E-03,-33.47E-03
-593.00E-03,+1.58509E+00,+946.18E-03,+0.0E+00
-592.00E-03,+1.61229E+00,+942.00E-03,+29.29E-03
-591.00E-03,+1.58928E+00,+914.80E-03,+20.92E-03
-590.00E-03,+1.62066E+00,+935.72E-03,+20.92E-03
-589.00E-03,+1.58719E+00,+916.89E-03,-20.92E-03
-588.00E-03,+1.59765E+00,+960.83E-03,+8.37E-03
-587.00E-03,+1.60392E+00,+935.72E-03,-20.92E-03
-586.00E-03,+1.57673E+00,+942.00E-03,-12.55E-03
-585.00E-03,+1.58300E+00,+939.91E-03,+0.0E+00
-584.00E-03,+1.59974E+00,+967.10E-03,+29.29E-03
-583.00E-03,+1.59346E+00,+946.18E-03,+33.47E-03
-582.00E-03,+1.60601E+00,+946.18E-03,+0.0E+00
-581.00E-03,+1.58719E+00,+929.45E-03,+29.29E-03
-580.00E-03,+1.58509E+00,+958.73E-03,+33.47E-03
-579.00E-03,+1.59974E+00,+946.18E-03,+33.47E-03
-578.00E-03,+1.60601E+00,+929.45E-03,+33.47E-03
-577.00E-03,+1.59974E+00,+914.80E-03,+4.18E-03
-576.00E-03,+1.61438E+00,+946.18E-03,+33.47E-03
-575.00E-03,+1.56627E+00,+946.18E-03,+0.0E+00
-574.00E-03,+1.59974E+00,+935.72E-03,+20.92E-03
-573.00E-03,+1.61857E+00,+916.89E-03,+0.0E+00
-572.00E-03,+1.59765E+00,+927.35E-03,+33.47E-03
-571.00E-03,+1.59974E+00,+929.45E-03,+0.0E+00
-570.00E-03,+1.59346E+00,+923.17E-03,-29.29E-03
-569.00E-03,+1.61647E+00,+895.97E-03,+37.66E-03
-568.00E-03,+1.61438E+00,+929.45E-03,+8.37E-03
-567.00E-03,+1.60392E+00,+935.72E-03,+0.0E+00
-566.00E-03,+1.58300E+00,+935.72E-03,+12.55E-03
-565.00E-03,+1.55371E+00,+946.18E-03,+0.0E+00
-564.00E-03,+1.60183E+00,+944.09E-03,+4.18E-03
-563.00E-03,+1.59555E+00,+939.91E-03,+20.92E-03
-562.00E-03,+1.60601E+00,+929.45E-03,+20.92E-03
-561.00E-03,+1.60183E+00,+939.91E-03,-4.18E-03
-560.00E-03,+1.61647E+00,+956.64E-03,+37.66E-03
-559.00E-03,+1.57463E+00,+946.18E-03,+20.92E-03
-558.00E-03,+1.58928E+00,+939.91E-03,+33.47E-03
-557.00E-03,+1.58509E+00,+944.09E-03,+29.29E-03
-556.00E-03,+1.61438E+00,+929.45E-03,+0.0E+00
-555.00E-03,+1.57254E+00,+906.43E-03,+20.92E-03
-554.00E-03,+1.58300E+00,+908.53E-03,+12.55E-03
-553.00E-03,+1.59974E+00,+929.45E-03,+12.55E-03
-552.00E-03,+1.61229E+00,+929.45E-03,-8.37E-03
-551.00E-03,+1.59346E+00,+923.17E-03,-20.92E-03
-550.00E-03,+1.58928E+00,+916.89E-03,+33.47E-03
-549.00E-03,+1.59765E+00,+929.45E-03,-29.29E-03
-548.00E-03,+1.61438E+00,+942.00E-03,+58.58E-03
-547.00E-03,+1.60601E+00,+908.53E-03,+0.0E+00
-546.00E-03,+1.60392E+00,+939.91E-03,+12.55E-03
-545.00E-03,+1.56627E+00,+895.97E-03,+4.18E-03
-544.00E-03,+1.58091E+00,+914.80E-03,+29.29E-03
-543.00E-03,+1.58719E+00,+900.16E-03,+33.47E-03
-542.00E-03,+1.60601E+00,+918.99E-03,+33.47E-03
-541.00E-03,+1.58509E+00,+910.62E-03,+4.18E-03
-540.00E-03,+1.57045E+00,+925.26E-03,+0.0E+00
-539.00E-03,+1.59346E+00,+902.25E-03,+20.92E-03
-538.00E-03,+1.56208E+00,+906.43E-03,+20.92E-03
-537.00E-03,+1.60183E+00,+895.97E-03,-4.18E-03
-536.00E-03,+1.59974E+00,+895.97E-03,+29.29E-03
-535.00E-03,+1.57254E+00,+879.24E-03,+0.0E+00
-534.00E-03,+1.57254E+00,+875.05E-03,+46.03E-03
-533.00E-03,+1.56417E+00,+862.50E-03,+33.47E-03
-532.00E-03,+1.57882E+00,+875.05E-03,+4.18E-03
-531.00E-03,+1.56627E+00,+841.58E-03,-8.37E-03
-530.00E-03,+1.55999E+00,+856.22E-03,+33.47E-03
-529.00E-03,+1.56627E+00,+833.21E-03,+62.76E-03
-528.00E-03,+1.53488E+00,+864.59E-03,+29.29E-03
-527.00E-03,+1.54325E+00,+839.49E-03,+20.92E-03
-526.00E-03,+1.53279E+00,+824.84E-03,+20.92E-03
-525.00E-03,+1.53070E+00,+816.47E-03,+20.92E-03
-524.00E-03,+1.49932E+00,+826.94E-03,+29.29E-03
-523.00E-03,+1.50560E+00,+808.11E-03,-12.55E-03
-522.00E-03,+1.49723E+00,+799.74E-03,+33.47E-03
-521.00E-03,+1.45120E+00,+793.46E-03,+33.47E-03
-520.00E-03,+1.46376E+00,+791.37E-03,-4.18E-03
-519.00E-03,+1.47003E+00,+772.54E-03,+0.0E+00
-518.00E-03,+1.42610E+00,+745.35E-03,+0.0E+00
-517.00E-03,+1.43447E+00,+749.53E-03,+4.18E-03
-516.00E-03,+1.40099E+00,+743.25E-03,+0.0E+00
-515.00E-03,+1.40309E+00,+734.88E-03,-20.92E-03
-514.00E-03,+1.35915E+00,+743.25E-03,+8.37E-03
-513.00E-03,+1.35288E+00,+695.14E-03,+0.0E+00
-512.00E-03,+1.36334E+00,+724.42E-03,+4.18E-03
-511.00E-03,+1.33823E+00,+711.87E-03,+8.37E-03
-510.00E-03,+1.29848E+00,+701.41E-03,+71.13E-03
-509.00E-03,+1.30058E+00,+697.23E-03,+33.47E-03
-508.00E-03,+1.31313E+00,+705.60E-03,+25.10E-03
-507.00E-03,+1.29639E+00,+699.32E-03,+12.55E-03
-506.00E-03,+1.24200E+00,+678.40E-03,+12.55E-03
-505.00E-03,+1.25037E+00,+663.76E-03,+58.58E-03
-504.00E-03,+1.24827E+00,+705.60E-03,-29.29E-03
-503.00E-03,+1.25873E+00,+672.12E-03,+12.55E-03
-502.00E-03,+1.24409E+00,+672.12E-03,+8.37E-03
-501.00E-03,+1.27756E+00,+661.66E-03,+4.18E-03
-500.00E-03,+1.26292E+00,+661.66E-03,+4.18E-03
-499.00E-03,+1.25664E+00,+665.85E-03,-8.37E-03
-498.00E-03,+1.23572E+00,+649.11E-03,-8.37E-03
-497.00E-03,+1.27965E+00,+632.37E-03,+29.29E-03
-496.00E-03,+1.25037E+00,+647.02E-03,+29.29E-03
-495.00E-03,+1.26083E+00,+644.93E-03,-12.55E-03
-494.00E-03,+1.27547E+00,+655.39E-03,-8.37E-03
-493.00E-03,+1.26501E+00,+657.48E-03,+0.0E+00
-492.00E-03,+1.28593E+00,+642.83E-03,+33.47E-03
-491.00E-03,+1.26083E+00,+661.66E-03,+33.47E-03
-490.00E-03,+1.28802E+00,+651.20E-03,-12.55E-03
-489.00E-03,+1.32777E+00,+644.93E-03,+0.0E+00
-488.00E-03,+1.34451E+00,+659.57E-03,+0.0E+00
-487.00E-03,+1.32777E+00,+680.49E-03,+20.92E-03
-486.00E-03,+1.36543E+00,+667.94E-03,-20.92E-03
-485.00E-03,+1.38217E+00,+659.57E-03,-58.58E-03
-484.00E-03,+1.38426E+00,+647.02E-03,+4.18E-03
-483.00E-03,+1.39053E+00,+690.95E-03,-20.92E-03
-482.00E-03,+1.41564E+00,+661.66E-03,+29.29E-03
-481.00E-03,+1.41773E+00,+674.22E-03,+33.47E-03
-480.00E-03,+1.43447E+00,+665.85E-03,-58.58E-03
-479.00E-03,+1.45539E+00,+655.39E-03,+46.03E-03
-478.00E-03,+1.47003E+00,+649.11E-03,+41.84E-03
-477.00E-03,+1.49514E+00,+628.19E-03,+33.47E-03
-476.00E-03,+1.51187E+00,+642.83E-03,+20.92E-03
-475.00E-03,+1.48468E+00,+628.19E-03,+8.37E-03
-474.00E-03,+1.51606E+00,+590.53E-03,+46.03E-03
-473.00E-03,+1.54535E+00,+590.53E-03,+29.29E-03
-472.00E-03,+1.53488E+00,+546.60E-03,+29.29E-03
-471.00E-03,+1.56627E+00,+531.96E-03,+33.47E-03
-470.00E-03,+1.52652E+00,+483.84E-03,+41.84E-03
-469.00E-03,+1.58091E+00,+490.12E-03,+4.18E-03
-468.00E-03,+1.56417E+00,+439.91E-03,-58.58E-03
-467.00E-03,+1.58928E+00,+389.70E-03,+0.0E+00
-466.00E-03,+1.58719E+00,+364.59E-03,-20.92E-03
-465.00E-03,+1.58300E+00,+343.67E-03,-4.18E-03
-464.00E-03,+1.58300E+00,+293.46E-03,+29.29E-03
-463.00E-03,+1.57254E+00,+232.79E-03,+33.47E-03
-462.00E-03,+1.58300E+00,+226.52E-03,-8.37E-03
-461.00E-03,+1.58300E+00,+193.04E-03,-25.10E-03
-460.00E-03,+1.58509E+00,+142.83E-03,+4.18E-03
-459.00E-03,+1.61020E+00,+153.30E-03,+8.37E-03
-458.00E-03,+1.58300E+00,+111.45E-03,+46.03E-03
-457.00E-03,+1.58509E+00,+75.89E-03,+62.76E-03
-456.00E-03,+1.59765E+00,+73.80E-03,+0.0E+00
-455.00E-03,+1.59346E+00,+52.88E-03,+12.55E-03
-454.00E-03,+1.56627E+00,+52.88E-03,+0.0E+00
-453.00E-03,+1.59555E+00,+13.13E-03,+29.29E-03
-452.00E-03,+1.57882E+00,+44.51E-03,-4.18E-03
-451.00E-03,+1.58928E+00,+31.96E-03,-12.55E-03
-450.00E-03,+1.55581E+00,+36.14E-03,+8.37E-03
-449.00E-03,+1.59765E+00,+54.97E-03,-4.18E-03
-448.00E-03,+1.56208E+00,+57.06E-03,+33.47E-03
-447.00E-03,+1.53907E+00,+52.88E-03,+0.0E+00
-446.00E-03,+1.55371E+00,+25.68E-03,+12.55E-03
-445.00E-03,+1.55162E+00,+8.94E-03,+20.92E-03
-444.00E-03,+1.53488E+00,+44.51E-03,+4.18E-03
-443.00E-03,+1.51187E+00,+25.68E-03,+25.10E-03
-442.00E-03,+1.53907E+00,+38.23E-03,+20.92E-03
-441.00E-03,+1.51815E+00,+57.06E-03,+4.18E-03
-440.00E-03,+1.49095E+00,+11.04E-03,+29.29E-03
-439.00E-03,+1.50978E+00,+46.60E-03,+12.55E-03
-438.00E-03,+1.52024E+00,+48.69E-03,+0.0E+00
-437.00E-03,+1.49932E+00,+42.42E-03,+29.29E-03
-436.00E-03,+1.52652E+00,+40.32E-03,+0.0E+00
-435.00E-03,+1.45957E+00,+25.68E-03,+12.55E-03
-434.00E-03,+1.47212E+00,+52.88E-03,-12.55E-03
-433.00E-03,+1.46376E+00,+38.23E-03,-25.10E-03
-432.00E-03,+1.46585E+00,+57.06E-03,+33.47E-03
-431.00E-03,+1.44493E+00,+25.68E-03,+4.18E-03
-430.00E-03,+1.47003E+00,+63.34E-03,+0.0E+00
-429.00E-03,+1.44911E+00,+50.78E-03,+29.29E-03
-428.00E-03,+1.44911E+00,+42.42E-03,+33.47E-03
-427.00E-03,+1.47840E+00,+27.77E-03,+33.47E-03
-426.00E-03,+1.44911E+00,+15.22E-03,+20.92E-03
-425.00E-03,+1.46794E+00,+42.42E-03,-4.18E-03
-424.00E-03,+1.45120E+00,+59.15E-03,+58.58E-03
-423.00E-03,+1.46585E+00,+46.60E-03,+33.47E-03
-422.00E-03,+1.45539E+00,+8.94E-03,-20.92E-03
-421.00E-03,+1.49514E+00,+11.04E-03,+33.47E-03
-420.00E-03,+1.48049E+00,+40.32E-03,+54.39E-03
-419.00E-03,+1.48677E+00,+25.68E-03,+20.92E-03
-418.00E-03,+1.49304E+00,+42.42E-03,-8.37E-03
-417.00E-03,+1.48258E+00,+29.86E-03,+20.92E-03
-416.00E-03,+1.49723E+00,+40.32E-03,+33.47E-03
-415.00E-03,+1.50350E+00,+48.69E-03,+20.92E-03
-414.00E-03,+1.51396E+00,+46.60E-03,+20.92E-03
-413.00E-03,+1.51396E+00,+27.77E-03,-4.18E-03
-412.00E-03,+1.53070E+00,+15.22E-03,+29.29E-03
-411.00E-03,+1.53907E+00,+42.42E-03,+33.47E-03
-410.00E-03,+1.53907E+00,+63.34E-03,-33.47E-03
-409.00E-03,+1.54744E+00,+38.23E-03,+0.0E+00
-408.00E-03,+1.54953E+00,+42.42E-03,-4.18E-03
-407.00E-03,+1.53279E+00,+13.13E-03,+33.47E-03
-406.00E-03,+1.55371E+00,+31.96E-03,+20.92E-03
-405.00E-03,+1.56627E+00,+54.97E-03,-25.10E-03
-404.00E-03,+1.56627E+00,+54.97E-03,+0.0E+00
-403.00E-03,+1.57045E+00,+48.69E-03,+0.0E+00
-402.00E-03,+1.55581E+00,+31.96E-03,+54.39E-03
-401.00E-03,+1.59555E+00,+42.42E-03,+4.18E-03
-400.00E-03,+1.56627E+00,+54.97E-03,+0.0E+00
-399.00E-03,+1.58928E+00,+36.14E-03,+25.10E-03
-398.00E-03,+1.59346E+00,+31.96E-03,+41.84E-03
-397.00E-03,+1.60183E+00,+8.94E-03,+29.29E-03
-396.00E-03,+1.61438E+00,+59.15E-03,-4.18E-03
-395.00E-03,+1.59346E+00,+29.86E-03,+0.0E+00
-394.00E-03,+1.62066E+00,+36.14E-03,+12.55E-03
-393.00E-03,+1.59765E+00,+25.68E-03,-4.18E-03
-392.00E-03,+1.58300E+00,+25.68E-03,-29.29E-03
-391.00E-03,+1.62275E+00,+63.34E-03,-20.92E-03
-390.00E-03,+1.64576E+00,+59.15E-03,+54.39E-03
-389.00E-03,+1.59137E+00,+73.80E-03,+25.10E-03
-388.00E-03,+1.58719E+00,+61.24E-03,+8.37E-03
-387.00E-03,+1.62275E+00,+86.35E-03,+12.55E-03
-386.00E-03,+1.61229E+00,+132.37E-03,+33.47E-03
-385.00E-03,+1.63321E+00,+159.57E-03,+0.0E+00
-384.00E-03,+1.64576E+00,+190.95E-03,-4.18E-03
-383.00E-03,+1.63321E+00,+226.52E-03,+0.0E+00
-382.00E-03,+1.62275E+00,+276.73E-03,+0.0E+00
-381.00E-03,+1.61438E+00,+322.75E-03,+29.29E-03
-380.00E-03,+1.62066E+00,+341.58E-03,+29.29E-03
-379.00E-03,+1.61647E+00,+383.42E-03,+20.92E-03
-378.00E-03,+1.64995E+00,+427.35E-03,+12.55E-03
-377.00E-03,+1.64995E+00,+465.01E-03,+0.0E+00
-376.00E-03,+1.64576E+00,+511.04E-03,-20.92E-03
-375.00E-03,+1.64367E+00,+521.50E-03,+33.47E-03
-374.00E-03,+1.63321E+00,+577.98E-03,+12.55E-03
-373.00E-03,+1.63321E+00,+594.72E-03,-25.10E-03
-372.00E-03,+1.62066E+00,+642.83E-03,+4.18E-03
-371.00E-03,+1.64995E+00,+651.20E-03,+12.55E-03
-370.00E-03,+1.64995E+00,+678.40E-03,+0.0E+00
-369.00E-03,+1.64995E+00,+695.14E-03,+33.47E-03
-368.00E-03,+1.63321E+00,+726.52E-03,+8.37E-03
-367.00E-03,+1.64367E+00,+734.88E-03,+12.55E-03
-366.00E-03,+1.66668E+00,+772.54E-03,+46.03E-03
-365.00E-03,+1.63321E+00,+766.27E-03,+29.29E-03
-364.00E-03,+1.63530E+00,+797.65E-03,+33.47E-03
-363.00E-03,+1.62275E+00,+797.65E-03,+0.0E+00
-362.00E-03,+1.66041E+00,+829.03E-03,+12.55E-03
-361.00E-03,+1.64576E+00,+799.74E-03,-33.47E-03
-360.00E-03,+1.66041E+00,+810.20E-03,-29.29E-03
-359.00E-03,+1.66041E+00,+835.30E-03,+20.92E-03
-358.00E-03,+1.64576E+00,+852.04E-03,+46.03E-03
-357.00E-03,+1.64786E+00,+889.70E-03,+0.0E+00
-356.00E-03,+1.66459E+00,+879.24E-03,+62.76E-03
-355.00E-03,+1.64995E+00,+883.42E-03,+12.55E-03
-354.00E-03,+1.64576E+00,+879.24E-03,+12.55E-03
-353.00E-03,+1.66459E+00,+898.06E-03,+33.47E-03
-352.00E-03,+1.68133E+00,+877.14E-03,+25.10E-03
-351.00E-03,+1.64995E+00,+895.97E-03,+20.92E-03
-350.00E-03,+1.65413E+00,+895.97E-03,+0.0E+00
-349.00E-03,+1.65204E+00,+910.62E-03,+0.0E+00
-348.00E-03,+1.63949E+00,+895.97E-03,+4.18E-03
-347.00E-03,+1.67924E+00,+912.71E-03,+33.47E-03
-346.00E-03,+1.66668E+00,+900.16E-03,+0.0E+00
-345.00E-03,+1.65413E+00,+910.62E-03,+29.29E-03
-344.00E-03,+1.69597E+00,+910.62E-03,+29.29E-03
-343.00E-03,+1.67505E+00,+910.62E-03,+41.84E-03
-342.00E-03,+1.67087E+00,+918.99E-03,+33.47E-03
-341.00E-03,+1.67087E+00,+925.26E-03,+29.29E-03
-340.00E-03,+1.65204E+00,+898.06E-03,-4.18E-03
-339.00E-03,+1.67296E+00,+912.71E-03,+12.55E-03
-338.00E-03,+1.62694E+00,+933.63E-03,+33.47E-03
-337.00E-03,+1.65204E+00,+960.83E-03,+0.0E+00
-336.00E-03,+1.65622E+00,+929.45E-03,+4.18E-03
-335.00E-03,+1.68970E+00,+935.72E-03,+25.10E-03
-334.00E-03,+1.64367E+00,+912.71E-03,+0.0E+00
-333.00E-03,+1.64995E+00,+956.64E-03,+4.18E-03
-332.00E-03,+1.65204E+00,+898.06E-03,+4.18E-03
-331.00E-03,+1.69388E+00,+929.45E-03,+12.55E-03
-330.00E-03,+1.67087E+00,+929.45E-03,+33.47E-03
-329.00E-03,+1.64995E+00,+944.09E-03,+4.18E-03
-328.00E-03,+1.66878E+00,+900.16E-03,+4.18E-03
-327.00E-03,+1.67296E+00,+929.45E-03,+0.0E+00
-326.00E-03,+1.66250E+00,+950.37E-03,+33.47E-03
-325.00E-03,+1.68133E+00,+929.45E-03,-62.76E-03
-324.00E-03,+1.66668E+00,+933.63E-03,+33.47E-03
-323.00E-03,+1.65622E+00,+939.91E-03,+33.47E-03
-322.00E-03,+1.63949E+00,+935.72E-03,+33.47E-03
-321.00E-03,+1.66668E+00,+958.73E-03,-4.18E-03
-320.00E-03,+1.66668E+00,+927.35E-03,-62.76E-03
-319.00E-03,+1.67087E+00,+946.18E-03,+4.18E-03
-318.00E-03,+1.66668E+00,+950.37E-03,+0.0E+00
-317.00E-03,+1.67924E+00,+918.99E-03,+37.66E-03
-316.00E-03,+1.67924E+00,+933.63E-03,-58.58E-03
-315.00E-03,+1.70016E+00,+962.92E-03,+33.47E-03
-314.00E-03,+1.64367E+00,+946.18E-03,-33.47E-03
-313.00E-03,+1.66668E+00,+948.27E-03,+33.47E-03
-312.00E-03,+1.67924E+00,+944.09E-03,+0.0E+00
-311.00E-03,+1.65622E+00,+946.18E-03,-8.37E-03
-310.00E-03,+1.66041E+00,+956.64E-03,+12.55E-03
-309.00E-03,+1.69806E+00,+946.18E-03,+0.0E+00
-308.00E-03,+1.65413E+00,+958.73E-03,+0.0E+00
-307.00E-03,+1.69388E+00,+952.46E-03,+54.39E-03
-306.00E-03,+1.67924E+00,+939.91E-03,+0.0E+00
-305.00E-03,+1.65413E+00,+916.89E-03,-29.29E-03
-304.00E-03,+1.63740E+00,+948.27E-03,-54.39E-03
-303.00E-03,+1.67296E+00,+929.45E-03,+0.0E+00
-302.00E-03,+1.69388E+00,+973.38E-03,-20.92E-03
-301.00E-03,+1.66459E+00,+933.63E-03,+4.18E-03
-300.00E-03,+1.71062E+00,+960.83E-03,+50.21E-03
-299.00E-03,+1.68342E+00,+962.92E-03,-33.47E-03
-298.00E-03,+1.68551E+00,+962.92E-03,+75.31E-03
-297.00E-03,+1.68133E+00,+965.01E-03,+33.47E-03
-296.00E-03,+1.66459E+00,+960.83E-03,-4.18E-03
-295.00E-03,+1.67087E+00,+935.72E-03,+12.55E-03
-294.00E-03,+1.67296E+00,+969.19E-03,+20.92E-03
-293.00E-03,+1.67924E+00,+948.27E-03,-58.58E-03
-292.00E-03,+1.68551E+00,+973.38E-03,+0.0E+00
-291.00E-03,+1.68760E+00,+952.46E-03,+41.84E-03
-290.00E-03,+1.70434E+00,+935.72E-03,+0.0E+00
-289.00E-03,+1.67714E+00,+950.37E-03,+0.0E+00
-288.00E-03,+1.70016E+00,+946.18E-03,+33.47E-03
-287.00E-03,+1.67087E+00,+942.00E-03,-12.55E-03
-286.00E-03,+1.69388E+00,+962.92E-03,+20.92E-03
-285.00E-03,+1.68551E+00,+960.83E-03,+33.47E-03
-284.00E-03,+1.68133E+00,+958.73E-03,+0.0E+00
-283.00E-03,+1.67714E+00,+969.19E-03,+33.47E-03
-282.00E-03,+1.68551E+00,+948.27E-03,+33.47E-03
-281.00E-03,+1.67924E+00,+979.65E-03,+29.29E-03
-280.00E-03,+1.66878E+00,+962.92E-03,+8.37E-03
-279.00E-03,+1.67087E+00,+956.64E-03,-12.55E-03
-278.00E-03,+1.67714E+00,+946.18E-03,+0.0E+00
-277.00E-03,+1.70016E+00,+960.83E-03,+33.47E-03
-276.00E-03,+1.68342E+00,+958.73E-03,-29.29E-03
-275.00E-03,+1.68760E+00,+946.18E-03,+20.92E-03
-274.00E-03,+1.69388E+00,+962.92E-03,+12.55E-03
-273.00E-03,+1.70016E+00,+960.83E-03,+0.0E+00
-272.00E-03,+1.64995E+00,+950.37E-03,+58.58E-03
-271.00E-03,+1.70016E+00,+979.65E-03,+20.92E-03
-270.00E-03,+1.70016E+00,+962.92E-03,-20.92E-03
-269.00E-03,+1.68551E+00,+977.56E-03,+0.0E+00
-268.00E-03,+1.70016E+00,+962.92E-03,+25.10E-03
-267.00E-03,+1.69388E+00,+958.73E-03,+20.92E-03
-266.00E-03,+1.71271E+00,+973.38E-03,-20.92E-03
-265.00E-03,+1.68133E+00,+979.65E-03,-25.10E-03
-264.00E-03,+1.70016E+00,+960.83E-03,+33.47E-03
-263.00E-03,+1.69388E+00,+952.46E-03,+0.0E+00
-262.00E-03,+1.71062E+00,+962.92E-03,+41.84E-03
-261.00E-03,+1.70225E+00,+990.12E-03,+25.10E-03
-260.00E-03,+1.69597E+00,+965.01E-03,+29.29E-03
-259.00E-03,+1.68342E+00,+962.92E-03,+0.0E+00
-258.00E-03,+1.71689E+00,+985.93E-03,+33.47E-03
-257.00E-03,+1.70225E+00,+948.27E-03,+8.37E-03
-256.00E-03,+1.68760E+00,+946.18E-03,-33.47E-03
-255.00E-03,+1.70643E+00,+985.93E-03,+20.92E-03
-254.00E-03,+1.70225E+00,+979.65E-03,+0.0E+00
-253.00E-03,+1.70016E+00,+962.92E-03,+4.18E-03
-252.00E-03,+1.70016E+00,+946.18E-03,+20.92E-03
-251.00E-03,+1.68342E+00,+979.65E-03,+29.29E-03
-250.00E-03,+1.69388E+00,+975.47E-03,+0.0E+00
-249.00E-03,+1.71480E+00,+973.38E-03,+25.10E-03
-248.00E-03,+1.72945E+00,+994.30E-03,-4.18E-03
-247.00E-03,+1.70643E+00,+969.19E-03,+12.55E-03
-246.00E-03,+1.69806E+00,+979.65E-03,+0.0E+00
-245.00E-03,+1.70225E+00,+965.01E-03,+29.29E-03
-244.00E-03,+1.70016E+00,+950.37E-03,+4.18E-03
-243.00E-03,+1.72108E+00,+985.93E-03,-8.37E-03
-242.00E-03,+1.67714E+00,+962.92E-03,+12.55E-03
-241.00E-03,+1.72945E+00,+979.65E-03,+25.10E-03
-240.00E-03,+1.70434E+00,+977.56E-03,-25.10E-03
-239.00E-03,+1.71899E+00,+973.38E-03,-25.10E-03
-238.00E-03,+1.75455E+00,+979.65E-03,+46.03E-03
-237.00E-03,+1.71689E+00,+950.37E-03,+29.29E-03
-236.00E-03,+1.72108E+00,+965.01E-03,+66.95E-03
-235.00E-03,+1.68551E+00,+979.65E-03,+12.55E-03
-234.00E-03,+1.71062E+00,+979.65E-03,+0.0E+00
-233.00E-03,+1.73154E+00,+967.10E-03,+29.29E-03
-232.00E-03,+1.72526E+00,+981.75E-03,+0.0E+00
-231.00E-03,+1.72108E+00,+983.84E-03,+0.0E+00
-230.00E-03,+1.72108E+00,+985.93E-03,-8.37E-03
-229.00E-03,+1.73572E+00,+977.56E-03,+25.10E-03
-228.00E-03,+1.74409E+00,+979.65E-03,+62.76E-03
-227.00E-03,+1.72317E+00,+992.21E-03,+0.0E+00
-226.00E-03,+1.71062E+00,+979.65E-03,+8.37E-03
-225.00E-03,+1.73363E+00,+962.92E-03,-25.10E-03
-224.00E-03,+1.70016E+00,+1.00685E+00,-4.18E-03
-223.00E-03,+1.72735E+00,+962.92E-03,+41.84E-03
-222.00E-03,+1.72317E+00,+992.21E-03,+0.0E+00
-221.00E-03,+1.70643E+00,+962.92E-03,+33.47E-03
-220.00E-03,+1.74409E+00,+979.65E-03,+0.0E+00
-219.00E-03,+1.72526E+00,+996.39E-03,+20.92E-03
-218.00E-03,+1.72317E+00,+962.92E-03,+54.39E-03
-217.00E-03,+1.73154E+00,+981.75E-03,+37.66E-03
-216.00E-03,+1.73363E+00,+996.39E-03,+29.29E-03
-215.00E-03,+1.71062E+00,+962.92E-03,+0.0E+00
-214.00E-03,+1.74409E+00,+956.64E-03,-4.18E-03
-213.00E-03,+1.71480E+00,+981.75E-03,+0.0E+00
-212.00E-03,+1.73572E+00,+1.00894E+00,+0.0E+00
-211.00E-03,+1.75037E+00,+990.12E-03,+8.37E-03
-210.00E-03,+1.75037E+00,+985.93E-03,+12.55E-03
-209.00E-03,+1.71689E+00,+996.39E-03,+8.37E-03
-208.00E-03,+1.71480E+00,+994.30E-03,+8.37E-03
-207.00E-03,+1.72945E+00,+985.93E-03,+20.92E-03
-206.00E-03,+1.73363E+00,+969.19E-03,+8.37E-03
-205.00E-03,+1.73154E+00,+994.30E-03,+8.37E-03
-204.00E-03,+1.74618E+00,+950.37E-03,+62.76E-03
-203.00E-03,+1.73363E+00,+975.47E-03,+20.92E-03
-202.00E-03,+1.74409E+00,+996.39E-03,+20.92E-03
-201.00E-03,+1.74827E+00,+998.48E-03,+58.58E-03
-200.00E-03,+1.75873E+00,+994.30E-03,+29.29E-03
-199.00E-03,+1.74618E+00,+985.93E-03,+0.0E+00
-198.00E-03,+1.72317E+00,+996.39E-03,+20.92E-03
-197.00E-03,+1.72108E+00,+977.56E-03,+0.0E+00
-196.00E-03,+1.73363E+00,+979.65E-03,-29.29E-03
-195.00E-03,+1.75455E+00,+985.93E-03,+0.0E+00
-194.00E-03,+1.73991E+00,+1.00476E+00,-4.18E-03
-193.00E-03,+1.73363E+00,+983.84E-03,-25.10E-03
-192.00E-03,+1.74618E+00,+983.84E-03,+33.47E-03
-191.00E-03,+1.73363E+00,+985.93E-03,+0.0E+00
-190.00E-03,+1.73572E+00,+1.01940E+00,+20.92E-03
-189.00E-03,+1.76501E+00,+983.84E-03,+29.29E-03
-188.00E-03,+1.74827E+00,+996.39E-03,+0.0E+00
-187.00E-03,+1.76083E+00,+996.39E-03,+12.55E-03
-186.00E-03,+1.76083E+00,+1.00058E+00,+0.0E+00
-185.00E-03,+1.74618E+00,+994.30E-03,+4.18E-03
-184.00E-03,+1.75246E+00,+969.19E-03,+25.10E-03
-183.00E-03,+1.74618E+00,+996.39E-03,+12.55E-03
-182.00E-03,+1.75664E+00,+996.39E-03,+0.0E+00
-181.00E-03,+1.75037E+00,+1.01104E+00,+4.18E-03
-180.00E-03,+1.76710E+00,+981.75E-03,+92.05E-03
-179.00E-03,+1.73991E+00,+979.65E-03,-33.47E-03
-178.00E-03,+1.75664E+00,+1.00058E+00,+0.0E+00
-177.00E-03,+1.76710E+00,+1.02568E+00,+29.29E-03
-176.00E-03,+1.76710E+00,+1.02777E+00,+25.10E-03
-175.00E-03,+1.75455E+00,+1.00267E+00,+41.84E-03
-174.00E-03,+1.75037E+00,+996.39E-03,+33.47E-03
-173.00E-03,+1.74827E+00,+983.84E-03,+4.18E-03
-172.00E-03,+1.74827E+00,+994.30E-03,+4.18E-03
-171.00E-03,+1.74409E+00,+990.12E-03,+20.92E-03
-170.00E-03,+1.75664E+00,+983.84E-03,+12.55E-03
-169.00E-03,+1.76501E+00,+981.75E-03,+37.66E-03
-168.00E-03,+1.72108E+00,+998.48E-03,+8.37E-03
-167.00E-03,+1.75037E+00,+969.19E-03,+54.39E-03
-166.00E-03,+1.76292E+00,+1.01731E+00,+12.55E-03
-165.00E-03,+1.76710E+00,+1.01104E+00,+0.0E+00
-164.00E-03,+1.78384E+00,+998.48E-03,-4.18E-03
-163.00E-03,+1.72945E+00,+990.12E-03,+8.37E-03
-162.00E-03,+1.75037E+00,+990.12E-03,+20.92E-03
-161.00E-03,+1.73572E+00,+994.30E-03,+4.18E-03
-160.00E-03,+1.72526E+00,+992.21E-03,+92.05E-03
-159.00E-03,+1.75664E+00,+985.93E-03,+0.0E+00
-158.00E-03,+1.73991E+00,+1.00685E+00,+0.0E+00
-157.00E-03,+1.75037E+00,+969.19E-03,-25.10E-03
-156.00E-03,+1.75037E+00,+965.01E-03,+0.0E+00
-155.00E-03,+1.72945E+00,+992.21E-03,+41.84E-03
-154.00E-03,+1.75037E+00,+954.55E-03,+0.0E+00
-153.00E-03,+1.74827E+00,+979.65E-03,+4.18E-03
-152.00E-03,+1.77547E+00,+994.30E-03,+58.58E-03
-151.00E-03,+1.74618E+00,+983.84E-03,+46.03E-03
-150.00E-03,+1.73781E+00,+1.00685E+00,+8.37E-03
-149.00E-03,+1.71899E+00,+965.01E-03,-29.29E-03
-148.00E-03,+1.73572E+00,+979.65E-03,+29.29E-03
-147.00E-03,+1.73363E+00,+996.39E-03,+46.03E-03
-146.00E-03,+1.73363E+00,+979.65E-03,+12.55E-03
-145.00E-03,+1.71899E+00,+992.21E-03,+29.29E-03
-144.00E-03,+1.75037E+00,+996.39E-03,+33.47E-03
-143.00E-03,+1.75455E+00,+969.19E-03,+33.47E-03
-142.00E-03,+1.74409E+00,+990.12E-03,+33.47E-03
-141.00E-03,+1.73572E+00,+1.01104E+00,+29.29E-03
-140.00E-03,+1.76501E+00,+979.65E-03,+62.76E-03
-139.00E-03,+1.75037E+00,+983.84E-03,-20.92E-03
-138.00E-03,+1.75037E+00,+990.12E-03,+33.47E-03
-137.00E-03,+1.72317E+00,+981.75E-03,-25.10E-03
-136.00E-03,+1.76501E+00,+975.47E-03,+0.0E+00
-135.00E-03,+1.73991E+00,+979.65E-03,+8.37E-03
-134.00E-03,+1.72317E+00,+969.19E-03,+20.92E-03
-133.00E-03,+1.70016E+00,+977.56E-03,+0.0E+00
-132.00E-03,+1.76501E+00,+979.65E-03,+4.18E-03
-131.00E-03,+1.73991E+00,+979.65E-03,+33.47E-03
-130.00E-03,+1.72945E+00,+996.39E-03,+20.92E-03
-129.00E-03,+1.71899E+00,+960.83E-03,+4.18E-03
-128.00E-03,+1.71689E+00,+981.75E-03,+37.66E-03
-127.00E-03,+1.75455E+00,+975.47E-03,-8.37E-03
-126.00E-03,+1.74618E+00,+958.73E-03,+25.10E-03
-125.00E-03,+1.73363E+00,+950.37E-03,-29.29E-03
-124.00E-03,+1.71899E+00,+979.65E-03,+33.47E-03
-123.00E-03,+1.71271E+00,+983.84E-03,+20.92E-03
-122.00E-03,+1.72317E+00,+1.00058E+00,-54.39E-03
-121.00E-03,+1.70225E+00,+996.39E-03,+29.29E-03
-120.00E-03,+1.71899E+00,+979.65E-03,-29.29E-03
-119.00E-03,+1.68970E+00,+979.65E-03,+33.47E-03
-118.00E-03,+1.71062E+00,+969.19E-03,+20.92E-03
-117.00E-03,+1.70643E+00,+965.01E-03,-54.39E-03
-116.00E-03,+1.71480E+00,+998.48E-03,+33.47E-03
-115.00E-03,+1.72317E+00,+990.12E-03,+0.0E+00
-114.00E-03,+1.72735E+00,+1.01313E+00,+0.0E+00
-113.00E-03,+1.73363E+00,+979.65E-03,-25.10E-03
-112.00E-03,+1.73363E+00,+994.30E-03,+29.29E-03
-111.00E-03,+1.69597E+00,+988.02E-03,-12.55E-03
-110.00E-03,+1.73363E+00,+983.84E-03,+12.55E-03
-109.00E-03,+1.73363E+00,+994.30E-03,-29.29E-03
-108.00E-03,+1.70434E+00,+979.65E-03,+0.0E+00
-107.00E-03,+1.70225E+00,+979.65E-03,+41.84E-03
-106.00E-03,+1.71271E+00,+946.18E-03,+0.0E+00
-105.00E-03,+1.73363E+00,+996.39E-03,+4.18E-03
-104.00E-03,+1.71689E+00,+979.65E-03,+4.18E-03
-103.00E-03,+1.71062E+00,+979.65E-03,+0.0E+00
-102.00E-03,+1.72945E+00,+973.38E-03,+46.03E-03
-101.00E-03,+1.73154E+00,+950.37E-03,-58.58E-03
-100.00E-03,+1.73154E+00,+965.01E-03,+25.10E-03
-99.00E-03,+1.68970E+00,+983.84E-03,-33.47E-03
-98.00E-03,+1.71689E+00,+969.19E-03,+33.47E-03
-97.00E-03,+1.70434E+00,+979.65E-03,-54.39E-03
-96.00E-03,+1.70016E+00,+979.65E-03,+4.18E-03
-95.00E-03,+1.69806E+00,+962.92E-03,+0.0E+00
-94.00E-03,+1.69388E+00,+969.19E-03,+33.47E-03
-93.00E-03,+1.70225E+00,+977.56E-03,+33.47E-03
-92.00E-03,+1.70016E+00,+965.01E-03,+29.29E-03
-91.00E-03,+1.69388E+00,+983.84E-03,+0.0E+00
-90.00E-03,+1.70016E+00,+981.75E-03,-33.47E-03
-89.00E-03,+1.71899E+00,+965.01E-03,+37.66E-03
-88.00E-03,+1.70225E+00,+979.65E-03,-29.29E-03
-87.00E-03,+1.69597E+00,+977.56E-03,-8.37E-03
-86.00E-03,+1.71271E+00,+956.64E-03,+8.37E-03
-85.00E-03,+1.70225E+00,+977.56E-03,+33.47E-03
-84.00E-03,+1.70016E+00,+931.54E-03,+29.29E-03
-83.00E-03,+1.69597E+00,+956.64E-03,+12.55E-03
-82.00E-03,+1.72317E+00,+956.64E-03,+20.92E-03
-81.00E-03,+1.70434E+00,+979.65E-03,+29.29E-03
-80.00E-03,+1.71271E+00,+958.73E-03,+25.10E-03
-79.00E-03,+1.71480E+00,+946.18E-03,-20.92E-03
-78.00E-03,+1.68970E+00,+958.73E-03,-41.84E-03
-77.00E-03,+1.70016E+00,+979.65E-03,-20.92E-03
-76.00E-03,+1.68342E+00,+994.30E-03,+0.0E+00
-75.00E-03,+1.71062E+00,+952.46E-03,+0.0E+00
-74.00E-03,+1.72945E+00,+983.84E-03,+33.47E-03
-73.00E-03,+1.70016E+00,+979.65E-03,+4.18E-03
-72.00E-03,+1.68133E+00,+975.47E-03,+33.47E-03
-71.00E-03,+1.69388E+00,+946.18E-03,+33.47E-03
-70.00E-03,+1.67924E+00,+958.73E-03,+20.92E-03
-69.00E-03,+1.65832E+00,+960.83E-03,+8.37E-03
-68.00E-03,+1.69806E+00,+994.30E-03,+4.18E-03
-67.00E-03,+1.68551E+00,+975.47E-03,+33.47E-03
-66.00E-03,+1.68970E+00,+962.92E-03,+33.47E-03
-65.00E-03,+1.70016E+00,+948.27E-03,+25.10E-03
-64.00E-03,+1.71271E+00,+962.92E-03,+29.29E-03
-63.00E-03,+1.71062E+00,+973.38E-03,-33.47E-03
-62.00E-03,+1.72108E+00,+969.19E-03,+0.0E+00
-61.00E-03,+1.67087E+00,+948.27E-03,-4.18E-03
-60.00E-03,+1.68133E+00,+965.01E-03,+37.66E-03
-59.00E-03,+1.69388E+00,+969.19E-03,+54.39E-03
-58.00E-03,+1.68970E+00,+946.18E-03,+33.47E-03
-57.00E-03,+1.67087E+00,+962.92E-03,+0.0E+00
-56.00E-03,+1.68342E+00,+975.47E-03,+29.29E-03
-55.00E-03,+1.68970E+00,+973.38E-03,+25.10E-03
-54.00E-03,+1.67714E+00,+975.47E-03,+0.0E+00
-53.00E-03,+1.69597E+00,+983.84E-03,+29.29E-03
-52.00E-03,+1.65413E+00,+950.37E-03,-8.37E-03
-51.00E-03,+1.68970E+00,+956.64E-03,-54.39E-03
-50.00E-03,+1.68342E+00,+956.64E-03,+8.37E-03
-49.00E-03,+1.65413E+00,+958.73E-03,+0.0E+00
-48.00E-03,+1.68342E+00,+946.18E-03,+33.47E-03
-47.00E-03,+1.69388E+00,+962.92E-03,+41.84E-03
-46.00E-03,+1.71062E+00,+969.19E-03,+33.47E-03
-45.00E-03,+1.68342E+00,+979.65E-03,+4.18E-03
-44.00E-03,+1.69806E+00,+975.47E-03,+4.18E-03
-43.00E-03,+1.67296E+00,+946.18E-03,+12.55E-03
-42.00E-03,+1.70016E+00,+973.38E-03,-12.55E-03
-41.00E-03,+1.67087E+00,+948.27E-03,+54.39E-03
-40.00E-03,+1.68133E+00,+973.38E-03,+4.18E-03
-39.00E-03,+1.67296E+00,+956.64E-03,+0.0E+00
-38.00E-03,+1.67296E+00,+962.92E-03,+12.55E-03
-37.00E-03,+1.68133E+00,+962.92E-03,+4.18E-03
-36.00E-03,+1.68551E+00,+962.92E-03,+4.18E-03
-35.00E-03,+1.69388E+00,+952.46E-03,-12.55E-03
-34.00E-03,+1.65622E+00,+956.64E-03,+25.10E-03
-33.00E-03,+1.65204E+00,+946.18E-03,+33.47E-03
-32.00E-03,+1.70225E+00,+960.83E-03,+4.18E-03
-31.00E-03,+1.67714E+00,+967.10E-03,+41.84E-03
-30.00E-03,+1.65622E+00,+950.37E-03,+20.92E-03
-29.00E-03,+1.70016E+00,+965.01E-03,+29.29E-03
-28.00E-03,+1.68342E+00,+933.63E-03,+29.29E-03
-27.00E-03,+1.66250E+00,+939.91E-03,+33.47E-03
-26.00E-03,+1.68342E+00,+946.18E-03,+0.0E+00
-25.00E-03,+1.71271E+00,+962.92E-03,+25.10E-03
-24.00E-03,+1.66668E+00,+973.38E-03,-25.10E-03
-23.00E-03,+1.68342E+00,+944.09E-03,+0.0E+00
-22.00E-03,+1.68760E+00,+956.64E-03,-8.37E-03
-21.00E-03,+1.66668E+00,+944.09E-03,+4.18E-03
-20.00E-03,+1.66668E+00,+931.54E-03,+4.18E-03
-19.00E-03,+1.67924E+00,+946.18E-03,+20.92E-03
-18.00E-03,+1.71062E+00,+952.46E-03,+29.29E-03
-17.00E-03,+1.68342E+00,+944.09E-03,+58.58E-03
-16.00E-03,+1.66459E+00,+962.92E-03,+29.29E-03
-15.00E-03,+1.67714E+00,+950.37E-03,+0.0E+00
-14.00E-03,+1.67296E+00,+942.00E-03,+20.92E-03
-13.00E-03,+1.66668E+00,+948.27E-03,-4.18E-03
-12.00E-03,+1.69806E+00,+948.27E-03,+33.47E-03
-11.00E-03,+1.67714E+00,+935.72E-03,+20.92E-03
-10.00E-03,+1.69806E+00,+967.10E-03,+20.92E-03
-9.00E-03,+1.64995E+00,+948.27E-03,+33.47E-03
-8.00E-03,+1.66668E+00,+946.18E-03,+33.47E-03
-7.00E-03,+1.66250E+00,+908.53E-03,+0.0E+00
-6.00E-03,+1.67296E+00,+935.72E-03,+20.92E-03
-5.00E-03,+1.68342E+00,+944.09E-03,+58.58E-03
-4.00E-03,+1.65204E+00,+944.09E-03,+29.29E-03
-3.00E-03,+1.66041E+00,+952.46E-03,+33.47E-03
-2.00E-03,+1.67714E+00,+942.00E-03,+20.92E-03
-1.00E-03,+1.63949E+00,+914.80E-03,+29.29E-03
+0.0E+00,+1.66668E+00,+933.63E-03,+4.18E-03
+1.00E-03,+1.66668E+00,+939.91E-03,-12.55E-03
+2.00E-03,+1.65413E+00,+939.91E-03,+0.0E+00
+3.00E-03,+1.65413E+00,+918.99E-03,+0.0E+00
+4.00E-03,+1.68133E+00,+918.99E-03,+0.0E+00
+5.00E-03,+1.68342E+00,+952.46E-03,+8.37E-03
+6.00E-03,+1.66668E+00,+921.08E-03,+12.55E-03
+7.00E-03,+1.65204E+00,+935.72E-03,+33.47E-03
+8.00E-03,+1.65204E+00,+944.09E-03,+4.18E-03
+9.00E-03,+1.67087E+00,+956.64E-03,+12.55E-03
+10.00E-03,+1.63949E+00,+929.45E-03,+20.92E-03
+11.00E-03,+1.66878E+00,+914.80E-03,-4.18E-03
+12.00E-03,+1.65204E+00,+927.35E-03,+4.18E-03
+13.00E-03,+1.65204E+00,+942.00E-03,+46.03E-03
+14.00E-03,+1.66041E+00,+944.09E-03,+12.55E-03
+15.00E-03,+1.67924E+00,+929.45E-03,+8.37E-03
+16.00E-03,+1.66878E+00,+929.45E-03,+29.29E-03
+17.00E-03,+1.63949E+00,+929.45E-03,+12.55E-03
+18.00E-03,+1.67087E+00,+927.35E-03,+33.47E-03
+19.00E-03,+1.68133E+00,+927.35E-03,+33.47E-03
+20.00E-03,+1.66459E+00,+942.00E-03,+29.29E-03
+21.00E-03,+1.64367E+00,+929.45E-03,+8.37E-03
+22.00E-03,+1.66250E+00,+946.18E-03,+33.47E-03
+23.00E-03,+1.66878E+00,+914.80E-03,+0.0E+00
+24.00E-03,+1.64786E+00,+929.45E-03,+58.58E-03
+25.00E-03,+1.64995E+00,+929.45E-03,+33.47E-03
+26.00E-03,+1.65204E+00,+929.45E-03,+20.92E-03
+27.00E-03,+1.66459E+00,+898.06E-03,+29.29E-03
+28.00E-03,+1.63740E+00,+927.35E-03,+29.29E-03
+29.00E-03,+1.66668E+00,+935.72E-03,+33.47E-03
+30.00E-03,+1.65622E+00,+902.25E-03,+37.66E-03
+31.00E-03,+1.65413E+00,+929.45E-03,-29.29E-03
+32.00E-03,+1.65204E+00,+898.06E-03,-25.10E-03
+33.00E-03,+1.63949E+00,+929.45E-03,+0.0E+00
+34.00E-03,+1.66041E+00,+895.97E-03,+25.10E-03
+35.00E-03,+1.64995E+00,+898.06E-03,+4.18E-03
+36.00E-03,+1.64995E+00,+910.62E-03,+58.58E-03
+37.00E-03,+1.64367E+00,+929.45E-03,-4.18E-03
+38.00E-03,+1.64995E+00,+883.42E-03,+33.47E-03
+39.00E-03,+1.66668E+00,+895.97E-03,+33.47E-03
+40.00E-03,+1.63530E+00,+898.06E-03,+0.0E+00
+41.00E-03,+1.64367E+00,+885.51E-03,+20.92E-03
+42.00E-03,+1.66041E+00,+879.24E-03,+54.39E-03
+43.00E-03,+1.63740E+00,+883.42E-03,+4.18E-03
+44.00E-03,+1.63321E+00,+895.97E-03,+33.47E-03
+45.00E-03,+1.66668E+00,+847.86E-03,+33.47E-03
+46.00E-03,+1.65832E+00,+860.41E-03,+4.18E-03
+47.00E-03,+1.63740E+00,+847.86E-03,+25.10E-03
+48.00E-03,+1.64995E+00,+845.76E-03,+0.0E+00
+49.00E-03,+1.64995E+00,+852.04E-03,+33.47E-03
+50.00E-03,+1.63321E+00,+835.30E-03,-20.92E-03
+51.00E-03,+1.60183E+00,+843.67E-03,+54.39E-03
+52.00E-03,+1.66250E+00,+843.67E-03,+25.10E-03
+53.00E-03,+1.62903E+00,+812.29E-03,+33.47E-03
+54.00E-03,+1.63949E+00,+822.75E-03,+33.47E-03
+55.00E-03,+1.66459E+00,+785.09E-03,+33.47E-03
+56.00E-03,+1.64786E+00,+787.19E-03,+29.29E-03
+57.00E-03,+1.64995E+00,+778.82E-03,+25.10E-03
+58.00E-03,+1.63321E+00,+795.55E-03,-8.37E-03
+59.00E-03,+1.60392E+00,+747.44E-03,+0.0E+00
+60.00E-03,+1.63321E+00,+778.82E-03,+29.29E-03
+61.00E-03,+1.64995E+00,+728.61E-03,+12.55E-03
+62.00E-03,+1.62903E+00,+693.04E-03,-8.37E-03
+63.00E-03,+1.65204E+00,+699.32E-03,-33.47E-03
+64.00E-03,+1.63321E+00,+678.40E-03,+0.0E+00
+65.00E-03,+1.64995E+00,+672.12E-03,-20.92E-03
+66.00E-03,+1.64576E+00,+628.19E-03,-8.37E-03
+67.00E-03,+1.63530E+00,+624.01E-03,+0.0E+00
+68.00E-03,+1.63530E+00,+580.07E-03,+33.47E-03
+69.00E-03,+1.63321E+00,+565.43E-03,+0.0E+00
+70.00E-03,+1.64367E+00,+521.50E-03,+33.47E-03
+71.00E-03,+1.63112E+00,+523.59E-03,-29.29E-03
+72.00E-03,+1.63740E+00,+460.83E-03,+0.0E+00
+73.00E-03,+1.61229E+00,+437.81E-03,-8.37E-03
+74.00E-03,+1.63321E+00,+416.89E-03,+12.55E-03
+75.00E-03,+1.64995E+00,+375.05E-03,+0.0E+00
+76.00E-03,+1.63530E+00,+314.38E-03,+29.29E-03
+77.00E-03,+1.63321E+00,+306.01E-03,+8.37E-03
+78.00E-03,+1.63321E+00,+266.27E-03,+33.47E-03
+79.00E-03,+1.61647E+00,+213.96E-03,+37.66E-03
+80.00E-03,+1.62066E+00,+209.78E-03,+4.18E-03
+81.00E-03,+1.62694E+00,+182.58E-03,+41.84E-03
+82.00E-03,+1.63321E+00,+126.10E-03,+0.0E+00
+83.00E-03,+1.63321E+00,+107.27E-03,+0.0E+00
+84.00E-03,+1.61857E+00,+94.72E-03,+25.10E-03
+85.00E-03,+1.61647E+00,+82.17E-03,+46.03E-03
+86.00E-03,+1.61647E+00,+65.43E-03,-33.47E-03
+87.00E-03,+1.63112E+00,+29.86E-03,-4.18E-03
+88.00E-03,+1.61857E+00,+11.04E-03,+4.18E-03
+89.00E-03,+1.59974E+00,+46.60E-03,+0.0E+00
+90.00E-03,+1.63112E+00,+29.86E-03,+33.47E-03
+91.00E-03,+1.57254E+00,+54.97E-03,+4.18E-03
+92.00E-03,+1.58719E+00,+40.32E-03,+29.29E-03
+93.00E-03,+1.60601E+00,+52.88E-03,+0.0E+00
+94.00E-03,+1.62694E+00,+42.42E-03,-20.92E-03
+95.00E-03,+1.58509E+00,+54.97E-03,+29.29E-03
+96.00E-03,+1.59974E+00,+40.32E-03,+58.58E-03
+97.00E-03,+1.57254E+00,+19.40E-03,+8.37E-03
+98.00E-03,+1.58928E+00,+42.42E-03,+12.55E-03
+99.00E-03,+1.57045E+00,+13.13E-03,+25.10E-03
+100.00E-03,+1.58091E+00,+54.97E-03,-25.10E-03
+101.00E-03,+1.57673E+00,+25.68E-03,+33.47E-03
+102.00E-03,+1.57254E+00,+36.14E-03,+29.29E-03
+103.00E-03,+1.58300E+00,+25.68E-03,+29.29E-03
+104.00E-03,+1.57882E+00,+42.42E-03,+29.29E-03
+105.00E-03,+1.56208E+00,+25.68E-03,+20.92E-03
+106.00E-03,+1.55371E+00,+57.06E-03,+12.55E-03
+107.00E-03,+1.55371E+00,+13.13E-03,+33.47E-03
+108.00E-03,+1.54953E+00,+29.86E-03,+29.29E-03
+109.00E-03,+1.56627E+00,+36.14E-03,+12.55E-03
+110.00E-03,+1.53488E+00,+19.40E-03,+20.92E-03
+111.00E-03,+1.54744E+00,+86.35E-03,+62.76E-03
+112.00E-03,+1.51606E+00,+71.71E-03,+12.55E-03
+113.00E-03,+1.50141E+00,+38.23E-03,+8.37E-03
+114.00E-03,+1.49514E+00,+52.88E-03,+0.0E+00
+115.00E-03,+1.51815E+00,+40.32E-03,-4.18E-03
+116.00E-03,+1.50350E+00,+42.42E-03,+33.47E-03
+117.00E-03,+1.50350E+00,+4.76E-03,+12.55E-03
+118.00E-03,+1.48258E+00,+25.68E-03,-12.55E-03
+119.00E-03,+1.49723E+00,+63.34E-03,+8.37E-03
+120.00E-03,+1.48049E+00,+23.59E-03,+0.0E+00
+121.00E-03,+1.48258E+00,+75.89E-03,+0.0E+00
+122.00E-03,+1.47003E+00,+38.23E-03,+33.47E-03
+123.00E-03,+1.48258E+00,+42.42E-03,+33.47E-03
+124.00E-03,+1.48049E+00,+8.94E-03,-29.29E-03
+125.00E-03,+1.49932E+00,+42.42E-03,+8.37E-03
+126.00E-03,+1.46166E+00,+36.14E-03,+0.0E+00
+127.00E-03,+1.44911E+00,+17.31E-03,+29.29E-03
+128.00E-03,+1.46794E+00,+57.06E-03,+62.76E-03
+129.00E-03,+1.49304E+00,+31.96E-03,+29.29E-03
+130.00E-03,+1.45957E+00,+48.69E-03,+0.0E+00
+131.00E-03,+1.43447E+00,+61.24E-03,+0.0E+00
+132.00E-03,+1.43865E+00,+13.13E-03,+4.18E-03
+133.00E-03,+1.47003E+00,+8.94E-03,+41.84E-03
+134.00E-03,+1.48049E+00,+42.42E-03,+12.55E-03
+135.00E-03,+1.46794E+00,+27.77E-03,+4.18E-03
+136.00E-03,+1.51606E+00,+25.68E-03,+0.0E+00
+137.00E-03,+1.49932E+00,+31.96E-03,+0.0E+00
+138.00E-03,+1.48886E+00,+13.13E-03,+0.0E+00
+139.00E-03,+1.48677E+00,+57.06E-03,-29.29E-03
+140.00E-03,+1.50141E+00,+31.96E-03,+8.37E-03
+141.00E-03,+1.49932E+00,+19.40E-03,+54.39E-03
+142.00E-03,+1.52233E+00,+25.68E-03,+54.39E-03
+143.00E-03,+1.51815E+00,+25.68E-03,+0.0E+00
+144.00E-03,+1.54535E+00,+50.78E-03,+4.18E-03
+145.00E-03,+1.55371E+00,+31.96E-03,+8.37E-03
+146.00E-03,+1.53279E+00,+52.88E-03,-20.92E-03
+147.00E-03,+1.54953E+00,+54.97E-03,+0.0E+00
+148.00E-03,+1.52024E+00,+25.68E-03,+33.47E-03
+149.00E-03,+1.54325E+00,+40.32E-03,+0.0E+00
+150.00E-03,+1.53698E+00,+36.14E-03,+12.55E-03
+151.00E-03,+1.56627E+00,+25.68E-03,+25.10E-03
+152.00E-03,+1.58509E+00,+31.96E-03,+29.29E-03
+153.00E-03,+1.57673E+00,+48.69E-03,+20.92E-03
+154.00E-03,+1.57045E+00,+42.42E-03,-8.37E-03
+155.00E-03,+1.56836E+00,+31.96E-03,+0.0E+00
+156.00E-03,+1.57673E+00,+44.51E-03,-29.29E-03
+157.00E-03,+1.57254E+00,+31.96E-03,+41.84E-03
+158.00E-03,+1.57254E+00,+31.96E-03,+0.0E+00
+159.00E-03,+1.61438E+00,+61.24E-03,-29.29E-03
+160.00E-03,+1.61438E+00,+59.15E-03,+33.47E-03
+161.00E-03,+1.59974E+00,+88.44E-03,-33.47E-03
+162.00E-03,+1.57254E+00,+75.89E-03,-41.84E-03
+163.00E-03,+1.58300E+00,+105.18E-03,+25.10E-03
+164.00E-03,+1.61438E+00,+126.10E-03,+4.18E-03
+165.00E-03,+1.58300E+00,+155.39E-03,-33.47E-03
+166.00E-03,+1.57882E+00,+182.58E-03,+0.0E+00
+167.00E-03,+1.60183E+00,+195.14E-03,+29.29E-03
+168.00E-03,+1.58300E+00,+243.25E-03,+4.18E-03
+169.00E-03,+1.57254E+00,+278.82E-03,+0.0E+00
+170.00E-03,+1.56627E+00,+308.11E-03,+12.55E-03
+171.00E-03,+1.55371E+00,+297.65E-03,-4.18E-03
+172.00E-03,+1.59765E+00,+345.76E-03,-37.66E-03
+173.00E-03,+1.55999E+00,+372.96E-03,+33.47E-03
+174.00E-03,+1.57045E+00,+421.08E-03,-25.10E-03
+175.00E-03,+1.56627E+00,+458.73E-03,+0.0E+00
+176.00E-03,+1.55371E+00,+462.92E-03,+0.0E+00
+177.00E-03,+1.56627E+00,+521.50E-03,+12.55E-03
+178.00E-03,+1.55999E+00,+534.05E-03,-29.29E-03
+179.00E-03,+1.51815E+00,+550.78E-03,+0.0E+00
+180.00E-03,+1.54325E+00,+563.34E-03,+8.37E-03
+181.00E-03,+1.52652E+00,+577.98E-03,+33.47E-03
+182.00E-03,+1.50978E+00,+584.26E-03,+0.0E+00
+183.00E-03,+1.45329E+00,+613.55E-03,-4.18E-03
+184.00E-03,+1.48258E+00,+624.01E-03,+4.18E-03
+185.00E-03,+1.49095E+00,+617.73E-03,-66.95E-03
+186.00E-03,+1.47003E+00,+634.47E-03,+33.47E-03
+187.00E-03,+1.43865E+00,+649.11E-03,+25.10E-03
+188.00E-03,+1.41564E+00,+647.02E-03,+0.0E+00
+189.00E-03,+1.43237E+00,+647.02E-03,+20.92E-03
+190.00E-03,+1.41145E+00,+661.66E-03,+20.92E-03
+191.00E-03,+1.41355E+00,+674.22E-03,+25.10E-03
+192.00E-03,+1.35497E+00,+676.31E-03,+25.10E-03
+193.00E-03,+1.35915E+00,+655.39E-03,+0.0E+00
+194.00E-03,+1.36543E+00,+655.39E-03,-33.47E-03
+195.00E-03,+1.34660E+00,+665.85E-03,+29.29E-03
+196.00E-03,+1.29848E+00,+634.47E-03,+33.47E-03
+197.00E-03,+1.32150E+00,+667.94E-03,-33.47E-03
+198.00E-03,+1.28802E+00,+659.57E-03,+0.0E+00
+199.00E-03,+1.32777E+00,+642.83E-03,+33.47E-03
+200.00E-03,+1.30894E+00,+651.20E-03,+54.39E-03
+201.00E-03,+1.28593E+00,+665.85E-03,+33.47E-03
+202.00E-03,+1.26083E+00,+649.11E-03,+33.47E-03
+203.00E-03,+1.26292E+00,+644.93E-03,+0.0E+00
+204.00E-03,+1.29430E+00,+661.66E-03,+4.18E-03
+205.00E-03,+1.23781E+00,+661.66E-03,+0.0E+00
+206.00E-03,+1.25873E+00,+661.66E-03,-8.37E-03
+207.00E-03,+1.21899E+00,+613.55E-03,+0.0E+00
+208.00E-03,+1.22945E+00,+640.74E-03,+0.0E+00
+209.00E-03,+1.23781E+00,+667.94E-03,-20.92E-03
+210.00E-03,+1.25873E+00,+644.93E-03,+12.55E-03
+211.00E-03,+1.21899E+00,+657.48E-03,+0.0E+00
+212.00E-03,+1.26292E+00,+676.31E-03,+4.18E-03
+213.00E-03,+1.24200E+00,+678.40E-03,+0.0E+00
+214.00E-03,+1.26292E+00,+665.85E-03,+12.55E-03
+215.00E-03,+1.26501E+00,+693.04E-03,-25.10E-03
+216.00E-03,+1.29639E+00,+661.66E-03,+0.0E+00
+217.00E-03,+1.27965E+00,+661.66E-03,+12.55E-03
+218.00E-03,+1.30267E+00,+690.95E-03,-12.55E-03
+219.00E-03,+1.32568E+00,+695.14E-03,+33.47E-03
+220.00E-03,+1.30058E+00,+680.49E-03,+33.47E-03
+221.00E-03,+1.33196E+00,+728.61E-03,+41.84E-03
+222.00E-03,+1.33823E+00,+705.60E-03,-8.37E-03
+223.00E-03,+1.38217E+00,+743.25E-03,+29.29E-03
+224.00E-03,+1.36752E+00,+713.96E-03,-33.47E-03
+225.00E-03,+1.40309E+00,+722.33E-03,+20.92E-03
+226.00E-03,+1.41564E+00,+747.44E-03,+0.0E+00
+227.00E-03,+1.41564E+00,+762.08E-03,-29.29E-03
+228.00E-03,+1.43028E+00,+764.17E-03,-4.18E-03
+229.00E-03,+1.42610E+00,+774.63E-03,+0.0E+00
+230.00E-03,+1.46794E+00,+801.83E-03,+0.0E+00
+231.00E-03,+1.48049E+00,+774.63E-03,+29.29E-03
+232.00E-03,+1.49514E+00,+778.82E-03,+4.18E-03
+233.00E-03,+1.48886E+00,+806.01E-03,+20.92E-03
+234.00E-03,+1.50978E+00,+785.09E-03,+8.37E-03
+235.00E-03,+1.51606E+00,+799.74E-03,+29.29E-03
+236.00E-03,+1.51815E+00,+858.32E-03,+37.66E-03
+237.00E-03,+1.53279E+00,+845.76E-03,+12.55E-03
+238.00E-03,+1.51606E+00,+845.76E-03,+0.0E+00
+239.00E-03,+1.56627E+00,+849.95E-03,-29.29E-03
+240.00E-03,+1.52024E+00,+870.87E-03,+62.76E-03
+241.00E-03,+1.54325E+00,+841.58E-03,+37.66E-03
+242.00E-03,+1.57882E+00,+872.96E-03,-33.47E-03
+243.00E-03,+1.58091E+00,+893.88E-03,+0.0E+00
+244.00E-03,+1.56627E+00,+891.79E-03,+29.29E-03
+245.00E-03,+1.58300E+00,+862.50E-03,+0.0E+00
+246.00E-03,+1.57673E+00,+889.70E-03,-12.55E-03
+247.00E-03,+1.56627E+00,+881.33E-03,+0.0E+00
+248.00E-03,+1.58300E+00,+866.68E-03,-29.29E-03
+249.00E-03,+1.58928E+00,+895.97E-03,+12.55E-03
+250.00E-03,+1.57673E+00,+906.43E-03,-20.92E-03
+251.00E-03,+1.58091E+00,+881.33E-03,-8.37E-03
+252.00E-03,+1.59555E+00,+929.45E-03,+0.0E+00
+253.00E-03,+1.58300E+00,+935.72E-03,+0.0E+00
+254.00E-03,+1.56627E+00,+895.97E-03,-12.55E-03
+255.00E-03,+1.59974E+00,+946.18E-03,+29.29E-03
+256.00E-03,+1.61438E+00,+942.00E-03,+0.0E+00
+257.00E-03,+1.59346E+00,+912.71E-03,+25.10E-03
+258.00E-03,+1.58300E+00,+912.71E-03,+0.0E+00
+259.00E-03,+1.57045E+00,+929.45E-03,+33.47E-03
+260.00E-03,+1.58509E+00,+929.45E-03,-29.29E-03
+261.00E-03,+1.58928E+00,+912.71E-03,+33.47E-03
+262.00E-03,+1.58719E+00,+929.45E-03,+12.55E-03
+263.00E-03,+1.60183E+00,+958.73E-03,+33.47E-03
+264.00E-03,+1.58091E+00,+893.88E-03,+25.10E-03
+265.00E-03,+1.60601E+00,+921.08E-03,-4.18E-03
+266.00E-03,+1.57045E+00,+914.80E-03,+33.47E-03
+267.00E-03,+1.58300E+00,+902.25E-03,-29.29E-03
+268.00E-03,+1.61438E+00,+929.45E-03,-25.10E-03
+269.00E-03,+1.59555E+00,+942.00E-03,+33.47E-03
+270.00E-03,+1.61020E+00,+908.53E-03,+12.55E-03
+271.00E-03,+1.61229E+00,+929.45E-03,+58.58E-03
+272.00E-03,+1.59765E+00,+927.35E-03,+4.18E-03
+273.00E-03,+1.58928E+00,+929.45E-03,+62.76E-03
+274.00E-03,+1.60392E+00,+935.72E-03,+20.92E-03
+275.00E-03,+1.59765E+00,+933.63E-03,+0.0E+00
+276.00E-03,+1.58300E+00,+948.27E-03,+0.0E+00
+277.00E-03,+1.59765E+00,+935.72E-03,+12.55E-03
+278.00E-03,+1.59555E+00,+923.17E-03,+0.0E+00
+279.00E-03,+1.59765E+00,+916.89E-03,+58.58E-03
+280.00E-03,+1.61229E+00,+946.18E-03,-33.47E-03
+281.00E-03,+1.61020E+00,+935.72E-03,+20.92E-03
+282.00E-03,+1.56627E+00,+923.17E-03,-20.92E-03
+283.00E-03,+1.58091E+00,+942.00E-03,+29.29E-03
+284.00E-03,+1.58509E+00,+931.54E-03,+37.66E-03
+285.00E-03,+1.58928E+00,+935.72E-03,+20.92E-03
+286.00E-03,+1.57673E+00,+950.37E-03,+12.55E-03
+287.00E-03,+1.58509E+00,+929.45E-03,+0.0E+00
+288.00E-03,+1.60183E+00,+946.18E-03,+0.0E+00
+289.00E-03,+1.56627E+00,+933.63E-03,-8.37E-03
+290.00E-03,+1.59346E+00,+942.00E-03,-12.55E-03
+291.00E-03,+1.58091E+00,+927.35E-03,+4.18E-03
+292.00E-03,+1.58300E+00,+956.64E-03,+0.0E+00
+293.00E-03,+1.58719E+00,+935.72E-03,-25.10E-03
+294.00E-03,+1.59974E+00,+946.18E-03,+33.47E-03
+295.00E-03,+1.58300E+00,+948.27E-03,+41.84E-03
+296.00E-03,+1.61438E+00,+929.45E-03,+4.18E-03
+297.00E-03,+1.58300E+00,+939.91E-03,+25.10E-03
+298.00E-03,+1.58300E+00,+939.91E-03,+0.0E+00
+299.00E-03,+1.59555E+00,+929.45E-03,+4.18E-03
+300.00E-03,+1.59765E+00,+958.73E-03,+4.18E-03
+301.00E-03,+1.57882E+00,+923.17E-03,+50.21E-03
+302.00E-03,+1.58300E+00,+942.00E-03,+62.76E-03
+303.00E-03,+1.58509E+00,+962.92E-03,+29.29E-03
+304.00E-03,+1.55371E+00,+916.89E-03,+0.0E+00
+305.00E-03,+1.59346E+00,+939.91E-03,+8.37E-03
+306.00E-03,+1.57673E+00,+935.72E-03,+0.0E+00
+307.00E-03,+1.60392E+00,+931.54E-03,+4.18E-03
+308.00E-03,+1.59974E+00,+931.54E-03,+29.29E-03
+309.00E-03,+1.58509E+00,+946.18E-03,+25.10E-03
+310.00E-03,+1.58928E+00,+962.92E-03,-20.92E-03
+311.00E-03,+1.59765E+00,+958.73E-03,-29.29E-03
+312.00E-03,+1.55790E+00,+929.45E-03,+29.29E-03
+313.00E-03,+1.58300E+00,+946.18E-03,-12.55E-03
+314.00E-03,+1.60601E+00,+939.91E-03,+33.47E-03
+315.00E-03,+1.58300E+00,+927.35E-03,-4.18E-03
+316.00E-03,+1.58300E+00,+931.54E-03,+4.18E-03
+317.00E-03,+1.58300E+00,+946.18E-03,-33.47E-03
+318.00E-03,+1.59974E+00,+967.10E-03,+33.47E-03
+319.00E-03,+1.59555E+00,+946.18E-03,+0.0E+00
+320.00E-03,+1.56627E+00,+946.18E-03,+4.18E-03
+321.00E-03,+1.61020E+00,+946.18E-03,+20.92E-03
+322.00E-03,+1.58300E+00,+944.09E-03,+12.55E-03
+323.00E-03,+1.58300E+00,+960.83E-03,+33.47E-03
+324.00E-03,+1.57045E+00,+958.73E-03,-4.18E-03
+325.00E-03,+1.58719E+00,+956.64E-03,-20.92E-03
+326.00E-03,+1.59346E+00,+935.72E-03,+0.0E+00
+327.00E-03,+1.58300E+00,+958.73E-03,+33.47E-03
+328.00E-03,+1.58091E+00,+929.45E-03,-4.18E-03
+329.00E-03,+1.58928E+00,+962.92E-03,+33.47E-03
+330.00E-03,+1.59346E+00,+946.18E-03,+8.37E-03
+331.00E-03,+1.60183E+00,+975.47E-03,-29.29E-03
+332.00E-03,+1.58300E+00,+946.18E-03,+4.18E-03
+333.00E-03,+1.60601E+00,+956.64E-03,+0.0E+00
+334.00E-03,+1.58300E+00,+956.64E-03,+0.0E+00
+335.00E-03,+1.56836E+00,+933.63E-03,-25.10E-03
+336.00E-03,+1.59974E+00,+946.18E-03,+29.29E-03
+337.00E-03,+1.60392E+00,+925.26E-03,+12.55E-03
+338.00E-03,+1.58928E+00,+950.37E-03,+20.92E-03
+339.00E-03,+1.59555E+00,+931.54E-03,+0.0E+00
+340.00E-03,+1.58300E+00,+954.55E-03,+29.29E-03
+341.00E-03,+1.60601E+00,+939.91E-03,+0.0E+00
+342.00E-03,+1.58509E+00,+946.18E-03,-8.37E-03
+343.00E-03,+1.61647E+00,+944.09E-03,+4.18E-03
+344.00E-03,+1.60183E+00,+933.63E-03,+0.0E+00
+345.00E-03,+1.60601E+00,+946.18E-03,+0.0E+00
+346.00E-03,+1.58509E+00,+946.18E-03,+20.92E-03
+347.00E-03,+1.61229E+00,+946.18E-03,+4.18E-03
+348.00E-03,+1.55371E+00,+933.63E-03,+0.0E+00
+349.00E-03,+1.58300E+00,+929.45E-03,-20.92E-03
+350.00E-03,+1.59974E+00,+948.27E-03,-8.37E-03
+351.00E-03,+1.57045E+00,+948.27E-03,+29.29E-03
+352.00E-03,+1.58509E+00,+946.18E-03,-20.92E-03
+353.00E-03,+1.57673E+00,+937.81E-03,+25.10E-03
+354.00E-03,+1.58928E+00,+962.92E-03,+0.0E+00
+355.00E-03,+1.57254E+00,+929.45E-03,+0.0E+00
+356.00E-03,+1.58300E+00,+944.09E-03,+29.29E-03
+357.00E-03,+1.59346E+00,+935.72E-03,-12.55E-03
+358.00E-03,+1.59346E+00,+960.83E-03,-20.92E-03
+359.00E-03,+1.60392E+00,+946.18E-03,+4.18E-03
+360.00E-03,+1.58509E+00,+933.63E-03,+33.47E-03
+361.00E-03,+1.57882E+00,+967.10E-03,+12.55E-03
+362.00E-03,+1.58300E+00,+929.45E-03,+20.92E-03
+363.00E-03,+1.59765E+00,+904.34E-03,+0.0E+00
+364.00E-03,+1.56836E+00,+948.27E-03,+29.29E-03
+365.00E-03,+1.58719E+00,+933.63E-03,-41.84E-03
+366.00E-03,+1.59765E+00,+929.45E-03,+20.92E-03
+367.00E-03,+1.59555E+00,+933.63E-03,+4.18E-03
+368.00E-03,+1.56836E+00,+927.35E-03,+29.29E-03
+369.00E-03,+1.57254E+00,+935.72E-03,+33.47E-03
+370.00E-03,+1.58719E+00,+918.99E-03,+12.55E-03
+371.00E-03,+1.59765E+00,+929.45E-03,+0.0E+00
+372.00E-03,+1.56627E+00,+925.26E-03,+4.18E-03
+373.00E-03,+1.58091E+00,+935.72E-03,+12.55E-03
+374.00E-03,+1.57254E+00,+918.99E-03,-20.92E-03
+375.00E-03,+1.56627E+00,+925.26E-03,+0.0E+00
+376.00E-03,+1.56627E+00,+912.71E-03,+0.0E+00
+377.00E-03,+1.56208E+00,+918.99E-03,-8.37E-03
+378.00E-03,+1.55581E+00,+929.45E-03,+12.55E-03
+379.00E-03,+1.57882E+00,+900.16E-03,-20.92E-03
+380.00E-03,+1.54953E+00,+912.71E-03,+29.29E-03
+381.00E-03,+1.53907E+00,+879.24E-03,+0.0E+00
+382.00E-03,+1.54116E+00,+912.71E-03,+8.37E-03
+383.00E-03,+1.53488E+00,+891.79E-03,+33.47E-03
+384.00E-03,+1.54953E+00,+862.50E-03,-33.47E-03
+385.00E-03,+1.52652E+00,+885.51E-03,+20.92E-03
+386.00E-03,+1.50560E+00,+889.70E-03,+25.10E-03
+387.00E-03,+1.50141E+00,+868.78E-03,+33.47E-03
+388.00E-03,+1.49723E+00,+895.97E-03,+29.29E-03
+389.00E-03,+1.51606E+00,+872.96E-03,+0.0E+00
+390.00E-03,+1.48468E+00,+872.96E-03,-12.55E-03
+391.00E-03,+1.46794E+00,+864.59E-03,+33.47E-03
+392.00E-03,+1.49723E+00,+889.70E-03,+25.10E-03
+393.00E-03,+1.48468E+00,+879.24E-03,-20.92E-03
+394.00E-03,+1.48258E+00,+862.50E-03,+33.47E-03
+395.00E-03,+1.46794E+00,+858.32E-03,+29.29E-03
+396.00E-03,+1.44911E+00,+831.12E-03,+29.29E-03
+397.00E-03,+1.47003E+00,+839.49E-03,+20.92E-03
+398.00E-03,+1.47212E+00,+868.78E-03,+0.0E+00
+399.00E-03,+1.48049E+00,+849.95E-03,+29.29E-03
+400.00E-03,+1.47212E+00,+845.76E-03,-29.29E-03
+401.00E-03,+1.48677E+00,+841.58E-03,+20.92E-03
+402.00E-03,+1.44283E+00,+835.30E-03,+20.92E-03
+403.00E-03,+1.46585E+00,+847.86E-03,-29.29E-03
+404.00E-03,+1.43865E+00,+847.86E-03,+29.29E-03
+405.00E-03,+1.44911E+00,+845.76E-03,+12.55E-03
+406.00E-03,+1.47212E+00,+845.76E-03,+20.92E-03
+407.00E-03,+1.43656E+00,+856.22E-03,-25.10E-03
+408.00E-03,+1.47840E+00,+879.24E-03,+0.0E+00
+409.00E-03,+1.47212E+00,+831.12E-03,+12.55E-03
+410.00E-03,+1.46585E+00,+866.68E-03,+0.0E+00
+411.00E-03,+1.44911E+00,+847.86E-03,+0.0E+00
+412.00E-03,+1.47840E+00,+877.14E-03,-29.29E-03
+413.00E-03,+1.48258E+00,+858.32E-03,-20.92E-03
+414.00E-03,+1.47631E+00,+847.86E-03,+12.55E-03
+415.00E-03,+1.46794E+00,+862.50E-03,+0.0E+00
+416.00E-03,+1.47212E+00,+862.50E-03,+29.29E-03
+417.00E-03,+1.49932E+00,+879.24E-03,+33.47E-03
+418.00E-03,+1.50350E+00,+883.42E-03,+0.0E+00
+419.00E-03,+1.51396E+00,+893.88E-03,+8.37E-03
+420.00E-03,+1.51396E+00,+893.88E-03,+29.29E-03
+421.00E-03,+1.50141E+00,+906.43E-03,+41.84E-03
+422.00E-03,+1.51606E+00,+904.34E-03,+20.92E-03
+423.00E-03,+1.51606E+00,+895.97E-03,+33.47E-03
+424.00E-03,+1.54744E+00,+898.06E-03,+4.18E-03
+425.00E-03,+1.52861E+00,+864.59E-03,-12.55E-03
+426.00E-03,+1.54744E+00,+900.16E-03,+0.0E+00
+427.00E-03,+1.51606E+00,+881.33E-03,+33.47E-03
+428.00E-03,+1.55162E+00,+923.17E-03,+25.10E-03
+429.00E-03,+1.55999E+00,+918.99E-03,+20.92E-03
+430.00E-03,+1.55371E+00,+906.43E-03,+20.92E-03
+431.00E-03,+1.56627E+00,+898.06E-03,+4.18E-03
+432.00E-03,+1.56627E+00,+916.89E-03,+0.0E+00
+433.00E-03,+1.54953E+00,+929.45E-03,-12.55E-03
+434.00E-03,+1.55581E+00,+908.53E-03,+0.0E+00
+435.00E-03,+1.54953E+00,+942.00E-03,-4.18E-03
+436.00E-03,+1.56836E+00,+912.71E-03,+25.10E-03
+437.00E-03,+1.58300E+00,+939.91E-03,-8.37E-03
+438.00E-03,+1.57045E+00,+939.91E-03,+20.92E-03
+439.00E-03,+1.56836E+00,+960.83E-03,+0.0E+00
+440.00E-03,+1.55371E+00,+948.27E-03,+54.39E-03
+441.00E-03,+1.56627E+00,+942.00E-03,+54.39E-03
+442.00E-03,+1.59555E+00,+956.64E-03,-12.55E-03
+443.00E-03,+1.56836E+00,+946.18E-03,+4.18E-03
+444.00E-03,+1.53698E+00,+948.27E-03,+29.29E-03
+445.00E-03,+1.57673E+00,+927.35E-03,+20.92E-03
+446.00E-03,+1.57254E+00,+950.37E-03,+20.92E-03
+447.00E-03,+1.59765E+00,+962.92E-03,+33.47E-03
+448.00E-03,+1.58719E+00,+960.83E-03,+4.18E-03
+449.00E-03,+1.55999E+00,+939.91E-03,-8.37E-03
+450.00E-03,+1.57045E+00,+942.00E-03,+0.0E+00
+451.00E-03,+1.61229E+00,+977.56E-03,+29.29E-03
+452.00E-03,+1.57045E+00,+956.64E-03,-4.18E-03
+453.00E-03,+1.57254E+00,+952.46E-03,+0.0E+00
+454.00E-03,+1.57673E+00,+942.00E-03,+0.0E+00
+455.00E-03,+1.59555E+00,+931.54E-03,-33.47E-03
+456.00E-03,+1.56627E+00,+946.18E-03,+0.0E+00
+457.00E-03,+1.57254E+00,+948.27E-03,-25.10E-03
+458.00E-03,+1.57673E+00,+946.18E-03,+33.47E-03
+459.00E-03,+1.58300E+00,+960.83E-03,-29.29E-03
+460.00E-03,+1.56627E+00,+973.38E-03,+37.66E-03
+461.00E-03,+1.59346E+00,+946.18E-03,+33.47E-03
+462.00E-03,+1.57882E+00,+939.91E-03,+20.92E-03
+463.00E-03,+1.58509E+00,+975.47E-03,+0.0E+00
+464.00E-03,+1.59974E+00,+962.92E-03,+0.0E+00
+465.00E-03,+1.57882E+00,+956.64E-03,+33.47E-03
+466.00E-03,+1.58928E+00,+962.92E-03,-8.37E-03
+467.00E-03,+1.58091E+00,+944.09E-03,-29.29E-03
+468.00E-03,+1.58091E+00,+902.25E-03,-58.58E-03
+469.00E-03,+1.56627E+00,+962.92E-03,+20.92E-03
+470.00E-03,+1.58300E+00,+933.63E-03,+0.0E+00
+471.00E-03,+1.56627E+00,+960.83E-03,-58.58E-03
+472.00E-03,+1.56627E+00,+944.09E-03,-20.92E-03
+473.00E-03,+1.57673E+00,+939.91E-03,-8.37E-03
+474.00E-03,+1.58300E+00,+956.64E-03,+8.37E-03
+475.00E-03,+1.58300E+00,+962.92E-03,+54.39E-03
+476.00E-03,+1.59974E+00,+935.72E-03,+0.0E+00
+477.00E-03,+1.55999E+00,+952.46E-03,+0.0E+00
+478.00E-03,+1.58300E+00,+946.18E-03,+8.37E-03
+479.00E-03,+1.57045E+00,+944.09E-03,+33.47E-03
+480.00E-03,+1.56627E+00,+960.83E-03,+29.29E-03
+481.00E-03,+1.58300E+00,+946.18E-03,+12.55E-03
+482.00E-03,+1.58300E+00,+946.18E-03,+20.92E-03
+483.00E-03,+1.59346E+00,+929.45E-03,+29.29E-03
+484.00E-03,+1.59555E+00,+931.54E-03,+4.18E-03
+485.00E-03,+1.55581E+00,+935.72E-03,+12.55E-03
+486.00E-03,+1.58300E+00,+923.17E-03,+8.37E-03
+487.00E-03,+1.59765E+00,+902.25E-03,-8.37E-03
+488.00E-03,+1.58300E+00,+931.54E-03,+33.47E-03
+489.00E-03,+1.56627E+00,+935.72E-03,+20.92E-03
+490.00E-03,+1.58928E+00,+912.71E-03,-20.92E-03
+491.00E-03,+1.58300E+00,+916.89E-03,+0.0E+00
+492.00E-03,+1.56836E+00,+929.45E-03,+29.29E-03
+493.00E-03,+1.57673E+00,+929.45E-03,+0.0E+00
+494.00E-03,+1.56627E+00,+929.45E-03,-8.37E-03
+495.00E-03,+1.59555E+00,+929.45E-03,+0.0E+00
+496.00E-03,+1.58509E+00,+927.35E-03,+33.47E-03
+497.00E-03,+1.59555E+00,+923.17E-03,+33.47E-03
+498.00E-03,+1.58928E+00,+923.17E-03,-33.47E-03
+499.00E-03,+1.60811E+00,+927.35E-03,+33.47E-03
+500.00E-03,+1.58300E+00,+914.80E-03,-54.39E-03
+501.00E-03,+1.56627E+00,+912.71E-03,+12.55E-03
+502.00E-03,+1.59346E+00,+929.45E-03,-12.55E-03
+503.00E-03,+1.56836E+00,+912.71E-03,-29.29E-03
+504.00E-03,+1.56627E+00,+868.78E-03,-29.29E-03
+505.00E-03,+1.55581E+00,+891.79E-03,+0.0E+00
+506.00E-03,+1.59974E+00,+895.97E-03,+0.0E+00
+507.00E-03,+1.56627E+00,+893.88E-03,+58.58E-03
+508.00E-03,+1.57882E+00,+895.97E-03,+37.66E-03
+509.00E-03,+1.56627E+00,+862.50E-03,-8.37E-03
+510.00E-03,+1.59346E+00,+868.78E-03,+20.92E-03
+511.00E-03,+1.58509E+00,+906.43E-03,+33.47E-03
+512.00E-03,+1.55371E+00,+849.95E-03,+4.18E-03
+513.00E-03,+1.56627E+00,+822.75E-03,+0.0E+00
+514.00E-03,+1.56627E+00,+845.76E-03,+20.92E-03
+515.00E-03,+1.58300E+00,+829.03E-03,+0.0E+00
+516.00E-03,+1.58091E+00,+831.12E-03,-29.29E-03
+517.00E-03,+1.56627E+00,+812.29E-03,+33.47E-03
+518.00E-03,+1.57254E+00,+795.55E-03,+20.92E-03
+519.00E-03,+1.53907E+00,+749.53E-03,+29.29E-03
+520.00E-03,+1.56627E+00,+747.44E-03,+4.18E-03
+521.00E-03,+1.56836E+00,+757.90E-03,+12.55E-03
+522.00E-03,+1.59346E+00,+732.79E-03,+20.92E-03
+523.00E-03,+1.57045E+00,+697.23E-03,+0.0E+00
+524.00E-03,+1.59765E+00,+678.40E-03,+0.0E+00
+525.00E-03,+1.59974E+00,+674.22E-03,+20.92E-03
+526.00E-03,+1.58300E+00,+638.65E-03,+0.0E+00
+527.00E-03,+1.61020E+00,+580.07E-03,+62.76E-03
+528.00E-03,+1.59555E+00,+561.24E-03,+25.10E-03
+529.00E-03,+1.57463E+00,+527.77E-03,-20.92E-03
+530.00E-03,+1.57882E+00,+521.50E-03,+0.0E+00
+531.00E-03,+1.58300E+00,+475.47E-03,-25.10E-03
+532.00E-03,+1.58300E+00,+412.71E-03,+4.18E-03
+533.00E-03,+1.56208E+00,+398.06E-03,+0.0E+00
+534.00E-03,+1.55999E+00,+370.87E-03,+4.18E-03
+535.00E-03,+1.56836E+00,+345.76E-03,+58.58E-03
+536.00E-03,+1.56417E+00,+293.46E-03,+25.10E-03
+537.00E-03,+1.57882E+00,+243.25E-03,+20.92E-03
+538.00E-03,+1.57673E+00,+243.25E-03,+33.47E-03
+539.00E-03,+1.56627E+00,+197.23E-03,-4.18E-03
+540.00E-03,+1.55162E+00,+174.22E-03,-29.29E-03
+541.00E-03,+1.56627E+00,+142.83E-03,+12.55E-03
+542.00E-03,+1.57673E+00,+119.82E-03,-25.10E-03
+543.00E-03,+1.56627E+00,+80.07E-03,+4.18E-03
+544.00E-03,+1.58091E+00,+90.53E-03,+33.47E-03
+545.00E-03,+1.54535E+00,+92.63E-03,+0.0E+00
+546.00E-03,+1.56627E+00,+69.61E-03,-29.29E-03
+547.00E-03,+1.58091E+00,+42.42E-03,+20.92E-03
+548.00E-03,+1.55162E+00,+27.77E-03,+4.18E-03
+549.00E-03,+1.56208E+00,+42.42E-03,+0.0E+00
+550.00E-03,+1.55999E+00,+19.40E-03,+12.55E-03
+551.00E-03,+1.58091E+00,+57.06E-03,+33.47E-03
+552.00E-03,+1.56627E+00,+71.71E-03,+62.76E-03
+553.00E-03,+1.56417E+00,+52.88E-03,+12.55E-03
+554.00E-03,+1.56627E+00,+31.96E-03,-8.37E-03
+555.00E-03,+1.56627E+00,+38.23E-03,+29.29E-03
+556.00E-03,+1.53488E+00,+40.32E-03,+29.29E-03
+557.00E-03,+1.55999E+00,+31.96E-03,+0.0E+00
+558.00E-03,+1.54953E+00,+19.40E-03,+8.37E-03
+559.00E-03,+1.52233E+00,+42.42E-03,+33.47E-03
+560.00E-03,+1.58091E+00,+13.13E-03,+29.29E-03
+561.00E-03,+1.55581E+00,+34.05E-03,+25.10E-03
+562.00E-03,+1.54953E+00,+48.69E-03,+29.29E-03
+563.00E-03,+1.57882E+00,+25.68E-03,+4.18E-03
+564.00E-03,+1.55371E+00,+44.51E-03,+29.29E-03
+565.00E-03,+1.57254E+00,+52.88E-03,+54.39E-03
+566.00E-03,+1.55999E+00,+46.60E-03,+33.47E-03
+567.00E-03,+1.54953E+00,+54.97E-03,+4.18E-03
+568.00E-03,+1.54953E+00,+38.23E-03,+0.0E+00
+569.00E-03,+1.54953E+00,+8.94E-03,-12.55E-03
+570.00E-03,+1.56627E+00,+61.24E-03,+62.76E-03
+571.00E-03,+1.54953E+00,+42.42E-03,-4.18E-03
+572.00E-03,+1.55162E+00,+31.96E-03,+33.47E-03
+573.00E-03,+1.56627E+00,+21.50E-03,+12.55E-03
+574.00E-03,+1.54953E+00,+31.96E-03,+0.0E+00
+575.00E-03,+1.54953E+00,+57.06E-03,+25.10E-03
+576.00E-03,+1.56417E+00,+71.71E-03,+4.18E-03
+577.00E-03,+1.57045E+00,+31.96E-03,+33.47E-03
+578.00E-03,+1.55999E+00,+48.69E-03,+41.84E-03
+579.00E-03,+1.55162E+00,+88.44E-03,+54.39E-03
+580.00E-03,+1.56417E+00,+27.77E-03,+4.18E-03
+581.00E-03,+1.55581E+00,+31.96E-03,-8.37E-03
+582.00E-03,+1.56627E+00,+69.61E-03,+16.74E-03
+583.00E-03,+1.56836E+00,+42.42E-03,+29.29E-03
+584.00E-03,+1.59555E+00,+92.63E-03,+0.0E+00
+585.00E-03,+1.55999E+00,+71.71E-03,+20.92E-03
+586.00E-03,+1.58928E+00,+98.90E-03,-8.37E-03
+587.00E-03,+1.59765E+00,+142.83E-03,-25.10E-03
+588.00E-03,+1.57882E+00,+159.57E-03,+33.47E-03
+589.00E-03,+1.56208E+00,+176.31E-03,+20.92E-03
+590.00E-03,+1.56627E+00,+207.69E-03,-12.55E-03
+591.00E-03,+1.58300E+00,+241.16E-03,-29.29E-03
+592.00E-03,+1.59555E+00,+257.90E-03,+0.0E+00
+593.00E-03,+1.57254E+00,+276.73E-03,+0.0E+00
+594.00E-03,+1.58928E+00,+320.66E-03,+0.0E+00
+595.00E-03,+1.61647E+00,+370.87E-03,+29.29E-03
+596.00E-03,+1.56836E+00,+362.50E-03,+33.47E-03
+597.00E-03,+1.57673E+00,+383.42E-03,+33.47E-03
+598.00E-03,+1.61647E+00,+410.62E-03,+8.37E-03
+599.00E-03,+1.59974E+00,+475.47E-03,+4.18E-03
+600.00E-03,+1.58300E+00,+492.21E-03,+4.18E-03
+601.00E-03,+1.58928E+00,+500.58E-03,+41.84E-03
+602.00E-03,+1.60601E+00,+517.31E-03,+33.47E-03
+603.00E-03,+1.61438E+00,+548.69E-03,-4.18E-03
+604.00E-03,+1.61438E+00,+596.81E-03,+33.47E-03
+605.00E-03,+1.59346E+00,+621.91E-03,-20.92E-03
+606.00E-03,+1.61647E+00,+628.19E-03,+0.0E+00
+607.00E-03,+1.60183E+00,+678.40E-03,-25.10E-03
+608.00E-03,+1.61438E+00,+678.40E-03,+29.29E-03
+609.00E-03,+1.60601E+00,+711.87E-03,+62.76E-03
+610.00E-03,+1.59346E+00,+728.61E-03,+20.92E-03
+611.00E-03,+1.59765E+00,+762.08E-03,+4.18E-03
+612.00E-03,+1.64786E+00,+776.73E-03,+4.18E-03
+613.00E-03,+1.62275E+00,+783.00E-03,+12.55E-03
+614.00E-03,+1.60601E+00,+822.75E-03,-33.47E-03
+615.00E-03,+1.58300E+00,+814.38E-03,+0.0E+00
+616.00E-03,+1.59974E+00,+829.03E-03,+0.0E+00
+617.00E-03,+1.59555E+00,+849.95E-03,-41.84E-03
+618.00E-03,+1.61020E+00,+868.78E-03,+12.55E-03
+619.00E-03,+1.61438E+00,+872.96E-03,+4.18E-03
+620.00E-03,+1.61229E+00,+864.59E-03,+0.0E+00
+621.00E-03,+1.61438E+00,+883.42E-03,-8.37E-03
+622.00E-03,+1.62694E+00,+902.25E-03,+33.47E-03
+623.00E-03,+1.62903E+00,+910.62E-03,+33.47E-03
+624.00E-03,+1.61438E+00,+893.88E-03,-4.18E-03
+625.00E-03,+1.62694E+00,+916.89E-03,+8.37E-03
+626.00E-03,+1.60392E+00,+891.79E-03,+12.55E-03
+627.00E-03,+1.60183E+00,+925.26E-03,+4.18E-03
+628.00E-03,+1.61647E+00,+912.71E-03,+33.47E-03
+629.00E-03,+1.60601E+00,+908.53E-03,+33.47E-03
+630.00E-03,+1.60601E+00,+952.46E-03,-20.92E-03
+631.00E-03,+1.61229E+00,+931.54E-03,-54.39E-03
+632.00E-03,+1.60183E+00,+939.91E-03,+29.29E-03
+633.00E-03,+1.62694E+00,+929.45E-03,-41.84E-03
+634.00E-03,+1.58300E+00,+935.72E-03,-12.55E-03
+635.00E-03,+1.59765E+00,+946.18E-03,+33.47E-03
+636.00E-03,+1.64576E+00,+977.56E-03,+4.18E-03
+637.00E-03,+1.59765E+00,+960.83E-03,+20.92E-03
+638.00E-03,+1.62066E+00,+946.18E-03,+33.47E-03
+639.00E-03,+1.60183E+00,+948.27E-03,+4.18E-03
+640.00E-03,+1.62903E+00,+975.47E-03,+4.18E-03
+641.00E-03,+1.61020E+00,+935.72E-03,+0.0E+00
+642.00E-03,+1.59555E+00,+942.00E-03,+33.47E-03
+643.00E-03,+1.62066E+00,+958.73E-03,+4.18E-03
+644.00E-03,+1.63321E+00,+979.65E-03,-29.29E-03
+645.00E-03,+1.62694E+00,+956.64E-03,+20.92E-03
+646.00E-03,+1.61229E+00,+962.92E-03,-20.92E-03
+647.00E-03,+1.58928E+00,+960.83E-03,+25.10E-03
+648.00E-03,+1.60392E+00,+962.92E-03,+62.76E-03
+649.00E-03,+1.61229E+00,+946.18E-03,+0.0E+00
+650.00E-03,+1.62275E+00,+952.46E-03,+20.92E-03
+651.00E-03,+1.58509E+00,+965.01E-03,+4.18E-03
+652.00E-03,+1.63321E+00,+965.01E-03,+33.47E-03
+653.00E-03,+1.59974E+00,+985.93E-03,+0.0E+00
+654.00E-03,+1.62275E+00,+973.38E-03,+20.92E-03
+655.00E-03,+1.64576E+00,+967.10E-03,+33.47E-03
+656.00E-03,+1.62903E+00,+981.75E-03,-29.29E-03
+657.00E-03,+1.61229E+00,+967.10E-03,+0.0E+00
+658.00E-03,+1.62275E+00,+985.93E-03,+20.92E-03
+659.00E-03,+1.66250E+00,+950.37E-03,-29.29E-03
+660.00E-03,+1.60392E+00,+967.10E-03,+33.47E-03
+661.00E-03,+1.62275E+00,+969.19E-03,+33.47E-03
+662.00E-03,+1.62903E+00,+969.19E-03,+20.92E-03
+663.00E-03,+1.63112E+00,+981.75E-03,+0.0E+00
+664.00E-03,+1.61857E+00,+981.75E-03,+4.18E-03
+665.00E-03,+1.62694E+00,+996.39E-03,+0.0E+00
+666.00E-03,+1.62066E+00,+967.10E-03,+20.92E-03
+667.00E-03,+1.63321E+00,+992.21E-03,+33.47E-03
+668.00E-03,+1.61438E+00,+981.75E-03,-4.18E-03
+669.00E-03,+1.63321E+00,+962.92E-03,+58.58E-03
+670.00E-03,+1.64367E+00,+979.65E-03,-20.92E-03
+671.00E-03,+1.60183E+00,+965.01E-03,+58.58E-03
+672.00E-03,+1.61857E+00,+979.65E-03,-54.39E-03
+673.00E-03,+1.61647E+00,+979.65E-03,+0.0E+00
+674.00E-03,+1.63321E+00,+996.39E-03,-20.92E-03
+675.00E-03,+1.63530E+00,+979.65E-03,+37.66E-03
+676.00E-03,+1.62903E+00,+994.30E-03,-29.29E-03
+677.00E-03,+1.62903E+00,+979.65E-03,+0.0E+00
+678.00E-03,+1.63949E+00,+1.00685E+00,+12.55E-03
+679.00E-03,+1.63112E+00,+979.65E-03,-25.10E-03
+680.00E-03,+1.64576E+00,+977.56E-03,+0.0E+00
+681.00E-03,+1.60601E+00,+985.93E-03,+20.92E-03
+682.00E-03,+1.64995E+00,+990.12E-03,+66.95E-03
+683.00E-03,+1.64786E+00,+979.65E-03,+29.29E-03
+684.00E-03,+1.63112E+00,+1.00894E+00,-4.18E-03
+685.00E-03,+1.62275E+00,+969.19E-03,+29.29E-03
+686.00E-03,+1.63949E+00,+990.12E-03,-25.10E-03
+687.00E-03,+1.63530E+00,+1.01940E+00,+29.29E-03
+688.00E-03,+1.63530E+00,+979.65E-03,-29.29E-03
+689.00E-03,+1.63949E+00,+996.39E-03,-33.47E-03
+690.00E-03,+1.62903E+00,+979.65E-03,+4.18E-03
+691.00E-03,+1.63530E+00,+994.30E-03,+4.18E-03
+692.00E-03,+1.64786E+00,+981.75E-03,-4.18E-03
+693.00E-03,+1.60811E+00,+981.75E-03,-12.55E-03
+694.00E-03,+1.62275E+00,+979.65E-03,+0.0E+00
+695.00E-03,+1.63112E+00,+977.56E-03,+29.29E-03
+696.00E-03,+1.65204E+00,+1.01104E+00,-4.18E-03
+697.00E-03,+1.63112E+00,+965.01E-03,+0.0E+00
+698.00E-03,+1.64995E+00,+990.12E-03,+33.47E-03
+699.00E-03,+1.66041E+00,+996.39E-03,+0.0E+00
+700.00E-03,+1.64576E+00,+965.01E-03,+58.58E-03
+701.00E-03,+1.63321E+00,+1.00267E+00,+8.37E-03
+702.00E-03,+1.61647E+00,+1.00058E+00,+12.55E-03
+703.00E-03,+1.67924E+00,+1.00685E+00,+4.18E-03
+704.00E-03,+1.63530E+00,+994.30E-03,+29.29E-03
+705.00E-03,+1.65622E+00,+990.12E-03,+0.0E+00
+706.00E-03,+1.62694E+00,+977.56E-03,+8.37E-03
+707.00E-03,+1.64786E+00,+994.30E-03,+33.47E-03
+708.00E-03,+1.63740E+00,+994.30E-03,+8.37E-03
+709.00E-03,+1.63530E+00,+985.93E-03,+29.29E-03
+710.00E-03,+1.63740E+00,+979.65E-03,+0.0E+00
+711.00E-03,+1.64995E+00,+994.30E-03,-4.18E-03
+712.00E-03,+1.62066E+00,+965.01E-03,+8.37E-03
+713.00E-03,+1.63321E+00,+990.12E-03,+0.0E+00
+714.00E-03,+1.64995E+00,+985.93E-03,+33.47E-03
+715.00E-03,+1.60601E+00,+994.30E-03,+4.18E-03
+716.00E-03,+1.65204E+00,+981.75E-03,+4.18E-03
+717.00E-03,+1.67296E+00,+1.01940E+00,-12.55E-03
+718.00E-03,+1.63949E+00,+985.93E-03,+12.55E-03
+719.00E-03,+1.65204E+00,+994.30E-03,+29.29E-03
+720.00E-03,+1.63321E+00,+990.12E-03,-4.18E-03
+721.00E-03,+1.64367E+00,+985.93E-03,+8.37E-03
+722.00E-03,+1.64576E+00,+996.39E-03,-8.37E-03
+723.00E-03,+1.66459E+00,+981.75E-03,+33.47E-03
+724.00E-03,+1.63530E+00,+1.00894E+00,+33.47E-03
+725.00E-03,+1.64995E+00,+979.65E-03,-46.03E-03
+726.00E-03,+1.64576E+00,+1.00685E+00,+20.92E-03
+727.00E-03,+1.67714E+00,+983.84E-03,+8.37E-03
+728.00E-03,+1.66250E+00,+994.30E-03,+0.0E+00
+729.00E-03,+1.64367E+00,+1.00058E+00,+20.92E-03
+730.00E-03,+1.65413E+00,+979.65E-03,-8.37E-03
+731.00E-03,+1.64995E+00,+979.65E-03,-25.10E-03
+732.00E-03,+1.65413E+00,+1.01313E+00,-4.18E-03
+733.00E-03,+1.66041E+00,+981.75E-03,+33.47E-03
+734.00E-03,+1.64576E+00,+996.39E-03,-25.10E-03
+735.00E-03,+1.64995E+00,+979.65E-03,+4.18E-03
+736.00E-03,+1.64995E+00,+1.01104E+00,+29.29E-03
+737.00E-03,+1.67296E+00,+1.01313E+00,+20.92E-03
+738.00E-03,+1.67714E+00,+1.00058E+00,+46.03E-03
+739.00E-03,+1.68133E+00,+1.01313E+00,+0.0E+00
+740.00E-03,+1.66250E+00,+1.01104E+00,-33.47E-03
+741.00E-03,+1.65622E+00,+1.00267E+00,+0.0E+00
+742.00E-03,+1.66041E+00,+996.39E-03,-8.37E-03
+743.00E-03,+1.66459E+00,+994.30E-03,-25.10E-03
+744.00E-03,+1.67924E+00,+1.01522E+00,+0.0E+00
+745.00E-03,+1.67087E+00,+996.39E-03,-33.47E-03
+746.00E-03,+1.63321E+00,+1.00894E+00,+12.55E-03
+747.00E-03,+1.69388E+00,+998.48E-03,-4.18E-03
+748.00E-03,+1.68551E+00,+1.01522E+00,+0.0E+00
+749.00E-03,+1.66041E+00,+985.93E-03,+20.92E-03
+750.00E-03,+1.67714E+00,+1.02359E+00,+4.18E-03
+751.00E-03,+1.67924E+00,+994.30E-03,+29.29E-03
+752.00E-03,+1.68551E+00,+1.01104E+00,-4.18E-03
+753.00E-03,+1.69388E+00,+1.00267E+00,-12.55E-03
+754.00E-03,+1.66668E+00,+1.00685E+00,-12.55E-03
+755.00E-03,+1.68342E+00,+988.02E-03,+33.47E-03
+756.00E-03,+1.68133E+00,+1.01522E+00,-8.37E-03
+757.00E-03,+1.66250E+00,+996.39E-03,+0.0E+00
+758.00E-03,+1.68133E+00,+1.02359E+00,+20.92E-03
+759.00E-03,+1.68342E+00,+994.30E-03,+4.18E-03
+760.00E-03,+1.68760E+00,+992.21E-03,+37.66E-03
+761.00E-03,+1.64995E+00,+985.93E-03,+12.55E-03
+762.00E-03,+1.70434E+00,+990.12E-03,-20.92E-03
+763.00E-03,+1.65413E+00,+985.93E-03,+0.0E+00
+764.00E-03,+1.71480E+00,+1.00894E+00,+33.47E-03
+765.00E-03,+1.67087E+00,+1.01104E+00,+20.92E-03
+766.00E-03,+1.67714E+00,+996.39E-03,+12.55E-03
+767.00E-03,+1.69597E+00,+998.48E-03,+29.29E-03
+768.00E-03,+1.69179E+00,+1.01522E+00,+0.0E+00
+769.00E-03,+1.66250E+00,+1.00267E+00,+0.0E+00
+770.00E-03,+1.68342E+00,+1.01940E+00,+20.92E-03
+771.00E-03,+1.68551E+00,+1.01522E+00,+29.29E-03
+772.00E-03,+1.67087E+00,+996.39E-03,+41.84E-03
+773.00E-03,+1.66668E+00,+1.00267E+00,+33.47E-03
+774.00E-03,+1.65622E+00,+1.00894E+00,+8.37E-03
+775.00E-03,+1.66668E+00,+1.01313E+00,+4.18E-03
+776.00E-03,+1.66878E+00,+1.00267E+00,+4.18E-03
+777.00E-03,+1.71689E+00,+1.00267E+00,+20.92E-03
+778.00E-03,+1.66459E+00,+1.02359E+00,+12.55E-03
+779.00E-03,+1.70016E+00,+996.39E-03,+62.76E-03
+780.00E-03,+1.66878E+00,+1.01104E+00,+62.76E-03
+781.00E-03,+1.67087E+00,+1.02359E+00,+20.92E-03
+782.00E-03,+1.70016E+00,+985.93E-03,+12.55E-03
+783.00E-03,+1.66668E+00,+1.04242E+00,+4.18E-03
+784.00E-03,+1.68133E+00,+1.01313E+00,+33.47E-03
+785.00E-03,+1.68342E+00,+1.01313E+00,+20.92E-03
+786.00E-03,+1.69388E+00,+996.39E-03,-8.37E-03
+787.00E-03,+1.68551E+00,+1.00894E+00,+0.0E+00
+788.00E-03,+1.68551E+00,+981.75E-03,-25.10E-03
+789.00E-03,+1.71480E+00,+1.02359E+00,+12.55E-03
+790.00E-03,+1.70643E+00,+1.02359E+00,+12.55E-03
+791.00E-03,+1.70225E+00,+1.01313E+00,-25.10E-03
+792.00E-03,+1.68760E+00,+1.02777E+00,+4.18E-03
+793.00E-03,+1.71062E+00,+1.01940E+00,+33.47E-03
+794.00E-03,+1.68342E+00,+1.01940E+00,+33.47E-03
+795.00E-03,+1.69806E+00,+1.01522E+00,+0.0E+00
+796.00E-03,+1.69597E+00,+1.01522E+00,+29.29E-03
+797.00E-03,+1.68551E+00,+1.00267E+00,-20.92E-03
+798.00E-03,+1.69597E+00,+1.02986E+00,+12.55E-03
+799.00E-03,+1.71689E+00,+1.02777E+00,+29.29E-03
+800.00E-03,+1.66878E+00,+1.02986E+00,-4.18E-03
+801.00E-03,+1.69179E+00,+1.01313E+00,+20.92E-03
+802.00E-03,+1.67296E+00,+1.01940E+00,+41.84E-03
+803.00E-03,+1.68133E+00,+1.01522E+00,+29.29E-03
+804.00E-03,+1.69597E+00,+998.48E-03,+0.0E+00
+805.00E-03,+1.67714E+00,+990.12E-03,+33.47E-03
+806.00E-03,+1.70225E+00,+1.01313E+00,+33.47E-03
+807.00E-03,+1.70016E+00,+1.01313E+00,-58.58E-03
+808.00E-03,+1.70225E+00,+1.01313E+00,+4.18E-03
+809.00E-03,+1.69388E+00,+1.01731E+00,+8.37E-03
+810.00E-03,+1.71271E+00,+1.01940E+00,+46.03E-03
+811.00E-03,+1.68970E+00,+1.02568E+00,-29.29E-03
+812.00E-03,+1.70016E+00,+1.01313E+00,-25.10E-03
+813.00E-03,+1.72735E+00,+1.01313E+00,+33.47E-03
+814.00E-03,+1.68342E+00,+1.03614E+00,+0.0E+00
+815.00E-03,+1.69806E+00,+998.48E-03,+25.10E-03
+816.00E-03,+1.68551E+00,+1.01313E+00,+58.58E-03
+817.00E-03,+1.70434E+00,+1.01940E+00,+0.0E+00
+818.00E-03,+1.68970E+00,+998.48E-03,+0.0E+00
+819.00E-03,+1.68551E+00,+1.02777E+00,-25.10E-03
+820.00E-03,+1.70225E+00,+998.48E-03,+33.47E-03
+821.00E-03,+1.70643E+00,+1.02359E+00,+33.47E-03
+822.00E-03,+1.71689E+00,+1.01104E+00,+0.0E+00
+823.00E-03,+1.67296E+00,+998.48E-03,+37.66E-03
+824.00E-03,+1.70016E+00,+994.30E-03,+0.0E+00
+825.00E-03,+1.68342E+00,+1.01940E+00,+0.0E+00
+826.00E-03,+1.71062E+00,+992.21E-03,+8.37E-03
+827.00E-03,+1.68551E+00,+1.01522E+00,-4.18E-03
+828.00E-03,+1.71271E+00,+1.00894E+00,-4.18E-03
+829.00E-03,+1.70434E+00,+998.48E-03,+20.92E-03
+830.00E-03,+1.69597E+00,+1.00267E+00,+46.03E-03
+831.00E-03,+1.70016E+00,+1.01104E+00,+8.37E-03
+832.00E-03,+1.69806E+00,+1.01313E+00,-4.18E-03
+833.00E-03,+1.68970E+00,+1.01731E+00,-8.37E-03
+834.00E-03,+1.71271E+00,+1.00267E+00,-8.37E-03
+835.00E-03,+1.71480E+00,+1.00267E+00,-29.29E-03
+836.00E-03,+1.73154E+00,+1.01104E+00,-25.10E-03
+837.00E-03,+1.70434E+00,+1.01731E+00,+29.29E-03
+838.00E-03,+1.72317E+00,+1.02777E+00,+12.55E-03
+839.00E-03,+1.70016E+00,+981.75E-03,+4.18E-03
+840.00E-03,+1.68551E+00,+1.01522E+00,+0.0E+00
+841.00E-03,+1.70643E+00,+996.39E-03,+33.47E-03
+842.00E-03,+1.70434E+00,+1.00894E+00,+33.47E-03
+843.00E-03,+1.68551E+00,+1.01104E+00,+37.66E-03
+844.00E-03,+1.68551E+00,+1.02568E+00,+25.10E-03
+845.00E-03,+1.70016E+00,+1.01313E+00,-29.29E-03
+846.00E-03,+1.68760E+00,+1.01522E+00,+20.92E-03
+847.00E-03,+1.68342E+00,+1.02568E+00,+4.18E-03
+848.00E-03,+1.68760E+00,+1.00058E+00,+4.18E-03
+849.00E-03,+1.69388E+00,+1.00685E+00,+54.39E-03
+850.00E-03,+1.68342E+00,+1.01313E+00,+41.84E-03
+851.00E-03,+1.68342E+00,+1.02568E+00,+29.29E-03
+852.00E-03,+1.71271E+00,+1.01522E+00,+0.0E+00
+853.00E-03,+1.70016E+00,+1.03196E+00,+0.0E+00
+854.00E-03,+1.68342E+00,+1.01731E+00,+8.37E-03
+855.00E-03,+1.68342E+00,+1.01313E+00,+58.58E-03
+856.00E-03,+1.68551E+00,+1.00058E+00,+4.18E-03
+857.00E-03,+1.69388E+00,+990.12E-03,-12.55E-03
+858.00E-03,+1.71062E+00,+1.01313E+00,+20.92E-03
+859.00E-03,+1.68551E+00,+998.48E-03,+8.37E-03
+860.00E-03,+1.69806E+00,+994.30E-03,+29.29E-03
+861.00E-03,+1.69388E+00,+996.39E-03,+0.0E+00
+862.00E-03,+1.69388E+00,+1.02359E+00,+25.10E-03
+863.00E-03,+1.71480E+00,+1.01522E+00,+25.10E-03
+864.00E-03,+1.68551E+00,+1.01104E+00,-4.18E-03
+865.00E-03,+1.68133E+00,+1.01313E+00,+41.84E-03
+866.00E-03,+1.66459E+00,+1.01104E+00,+0.0E+00
+867.00E-03,+1.69806E+00,+1.02568E+00,+0.0E+00
+868.00E-03,+1.69806E+00,+996.39E-03,+33.47E-03
+869.00E-03,+1.68760E+00,+1.01940E+00,+20.92E-03
+870.00E-03,+1.69388E+00,+1.00685E+00,-12.55E-03
+871.00E-03,+1.68551E+00,+1.02777E+00,-4.18E-03
+872.00E-03,+1.71271E+00,+1.01104E+00,+87.87E-03
+873.00E-03,+1.68342E+00,+1.00685E+00,-12.55E-03
+874.00E-03,+1.67714E+00,+1.03823E+00,+25.10E-03
+875.00E-03,+1.66878E+00,+1.01313E+00,+0.0E+00
+876.00E-03,+1.68342E+00,+998.48E-03,+25.10E-03
+877.00E-03,+1.70016E+00,+1.00685E+00,+0.0E+00
+878.00E-03,+1.68342E+00,+996.39E-03,+33.47E-03
+879.00E-03,+1.65413E+00,+985.93E-03,+4.18E-03
+880.00E-03,+1.64995E+00,+1.01522E+00,-4.18E-03
+881.00E-03,+1.66668E+00,+988.02E-03,+20.92E-03
+882.00E-03,+1.68342E+00,+1.02986E+00,+33.47E-03
+883.00E-03,+1.68133E+00,+1.02777E+00,+4.18E-03
+884.00E-03,+1.68133E+00,+1.01522E+00,+33.47E-03
+885.00E-03,+1.69388E+00,+1.00267E+00,+0.0E+00
+886.00E-03,+1.67087E+00,+996.39E-03,+16.74E-03
+887.00E-03,+1.69597E+00,+983.84E-03,+4.18E-03
+888.00E-03,+1.68342E+00,+1.00058E+00,-29.29E-03
+889.00E-03,+1.64995E+00,+1.00267E+00,+0.0E+00
+890.00E-03,+1.67714E+00,+992.21E-03,-8.37E-03
+891.00E-03,+1.69388E+00,+1.01104E+00,+4.18E-03
+892.00E-03,+1.68342E+00,+985.93E-03,+87.87E-03
+893.00E-03,+1.67087E+00,+1.00267E+00,+33.47E-03
+894.00E-03,+1.67714E+00,+1.00685E+00,+33.47E-03
+895.00E-03,+1.66459E+00,+1.02359E+00,+8.37E-03
+896.00E-03,+1.68342E+00,+983.84E-03,+0.0E+00
+897.00E-03,+1.67714E+00,+1.01313E+00,+20.92E-03
+898.00E-03,+1.67087E+00,+1.01313E+00,+12.55E-03
+899.00E-03,+1.65622E+00,+1.00267E+00,+25.10E-03
+900.00E-03,+1.68342E+00,+1.01522E+00,+33.47E-03
+901.00E-03,+1.67296E+00,+1.01731E+00,+12.55E-03
+902.00E-03,+1.67505E+00,+1.00685E+00,+0.0E+00
+903.00E-03,+1.68133E+00,+996.39E-03,-29.29E-03
+904.00E-03,+1.66878E+00,+965.01E-03,+29.29E-03
+905.00E-03,+1.68133E+00,+994.30E-03,+0.0E+00
+906.00E-03,+1.67296E+00,+1.02986E+00,+33.47E-03
+907.00E-03,+1.65413E+00,+1.00058E+00,-33.47E-03
+908.00E-03,+1.65413E+00,+996.39E-03,+4.18E-03
+909.00E-03,+1.67505E+00,+996.39E-03,+0.0E+00
+910.00E-03,+1.67714E+00,+1.02359E+00,+12.55E-03
+911.00E-03,+1.67924E+00,+1.01104E+00,+33.47E-03
+912.00E-03,+1.68133E+00,+1.01313E+00,+0.0E+00
+913.00E-03,+1.68342E+00,+1.00267E+00,+0.0E+00
+914.00E-03,+1.68342E+00,+996.39E-03,+12.55E-03
+915.00E-03,+1.68342E+00,+1.00058E+00,+87.87E-03
+916.00E-03,+1.65204E+00,+1.01522E+00,+33.47E-03
+917.00E-03,+1.65622E+00,+1.00685E+00,+12.55E-03
+918.00E-03,+1.67296E+00,+1.01731E+00,+33.47E-03
+919.00E-03,+1.67087E+00,+996.39E-03,+8.37E-03
+920.00E-03,+1.65204E+00,+998.48E-03,+58.58E-03
+921.00E-03,+1.71271E+00,+1.01731E+00,+29.29E-03
+922.00E-03,+1.68133E+00,+996.39E-03,+33.47E-03
+923.00E-03,+1.67924E+00,+983.84E-03,+29.29E-03
+924.00E-03,+1.68133E+00,+983.84E-03,+33.47E-03
+925.00E-03,+1.64786E+00,+1.00267E+00,+20.92E-03
+926.00E-03,+1.62484E+00,+1.00267E+00,+20.92E-03
+927.00E-03,+1.66878E+00,+996.39E-03,-4.18E-03
+928.00E-03,+1.66459E+00,+1.01104E+00,+4.18E-03
+929.00E-03,+1.64995E+00,+1.00058E+00,+33.47E-03
+930.00E-03,+1.64995E+00,+1.01731E+00,-29.29E-03
+931.00E-03,+1.64786E+00,+1.02777E+00,+0.0E+00
+932.00E-03,+1.67924E+00,+985.93E-03,-4.18E-03
+933.00E-03,+1.64995E+00,+1.00058E+00,+8.37E-03
+934.00E-03,+1.64576E+00,+985.93E-03,-20.92E-03
+935.00E-03,+1.66668E+00,+1.01313E+00,+0.0E+00
+936.00E-03,+1.66878E+00,+1.00058E+00,-4.18E-03
+937.00E-03,+1.66041E+00,+1.00685E+00,+62.76E-03
+938.00E-03,+1.64995E+00,+990.12E-03,-12.55E-03
+939.00E-03,+1.64995E+00,+1.00058E+00,+33.47E-03
+940.00E-03,+1.66668E+00,+1.00894E+00,+29.29E-03
+941.00E-03,+1.64995E+00,+1.02359E+00,+20.92E-03
+942.00E-03,+1.65622E+00,+1.01313E+00,+12.55E-03
+943.00E-03,+1.67924E+00,+981.75E-03,+58.58E-03
+944.00E-03,+1.64995E+00,+994.30E-03,+29.29E-03
+945.00E-03,+1.64995E+00,+979.65E-03,+33.47E-03
+946.00E-03,+1.65622E+00,+1.01104E+00,+33.47E-03
+947.00E-03,+1.67924E+00,+996.39E-03,+29.29E-03
+948.00E-03,+1.64786E+00,+981.75E-03,+4.18E-03
+949.00E-03,+1.65622E+00,+1.00894E+00,+33.47E-03
+950.00E-03,+1.66041E+00,+1.00685E+00,+12.55E-03
+951.00E-03,+1.64786E+00,+983.84E-03,-29.29E-03
+952.00E-03,+1.63530E+00,+981.75E-03,+25.10E-03
+953.00E-03,+1.68133E+00,+992.21E-03,-12.55E-03
+954.00E-03,+1.64367E+00,+985.93E-03,+41.84E-03
+955.00E-03,+1.63949E+00,+1.00894E+00,+33.47E-03
+956.00E-03,+1.68342E+00,+998.48E-03,+4.18E-03
+957.00E-03,+1.63949E+00,+985.93E-03,+20.92E-03
+958.00E-03,+1.64995E+00,+1.00894E+00,-12.55E-03
+959.00E-03,+1.61647E+00,+967.10E-03,-12.55E-03
+960.00E-03,+1.66250E+00,+983.84E-03,+25.10E-03
+961.00E-03,+1.64995E+00,+985.93E-03,+25.10E-03
+962.00E-03,+1.64995E+00,+1.01313E+00,+46.03E-03
+963.00E-03,+1.66459E+00,+971.29E-03,+33.47E-03
+964.00E-03,+1.66459E+00,+1.00894E+00,+4.18E-03
+965.00E-03,+1.65622E+00,+1.01313E+00,+20.92E-03
+966.00E-03,+1.64995E+00,+973.38E-03,+4.18E-03
+967.00E-03,+1.64786E+00,+1.01313E+00,+33.47E-03
+968.00E-03,+1.64786E+00,+1.01313E+00,+33.47E-03
+969.00E-03,+1.65622E+00,+1.00685E+00,+0.0E+00
+970.00E-03,+1.64995E+00,+985.93E-03,+33.47E-03
+971.00E-03,+1.67505E+00,+996.39E-03,+25.10E-03
+972.00E-03,+1.63321E+00,+981.75E-03,+29.29E-03
+973.00E-03,+1.64995E+00,+975.47E-03,+8.37E-03
+974.00E-03,+1.67087E+00,+979.65E-03,+33.47E-03
+975.00E-03,+1.63321E+00,+1.00894E+00,+58.58E-03
+976.00E-03,+1.62066E+00,+994.30E-03,+29.29E-03
+977.00E-03,+1.66041E+00,+1.00685E+00,+20.92E-03
+978.00E-03,+1.65413E+00,+1.01313E+00,+33.47E-03
+979.00E-03,+1.63321E+00,+967.10E-03,+0.0E+00
+980.00E-03,+1.60811E+00,+1.02359E+00,-58.58E-03
+981.00E-03,+1.65204E+00,+1.00894E+00,+0.0E+00
+982.00E-03,+1.65622E+00,+1.01940E+00,+33.47E-03
+983.00E-03,+1.66668E+00,+998.48E-03,+37.66E-03
+984.00E-03,+1.64995E+00,+996.39E-03,+25.10E-03
+985.00E-03,+1.64995E+00,+985.93E-03,-12.55E-03
+986.00E-03,+1.63949E+00,+1.01313E+00,+20.92E-03
+987.00E-03,+1.64995E+00,+981.75E-03,+0.0E+00
+988.00E-03,+1.64995E+00,+998.48E-03,-33.47E-03
+989.00E-03,+1.62694E+00,+985.93E-03,-12.55E-03
+990.00E-03,+1.64576E+00,+1.00267E+00,+20.92E-03
+991.00E-03,+1.62066E+00,+998.48E-03,-8.37E-03
+992.00E-03,+1.66459E+00,+994.30E-03,-33.47E-03
+993.00E-03,+1.64367E+00,+1.00894E+00,-20.92E-03
+994.00E-03,+1.63740E+00,+983.84E-03,+46.03E-03
+995.00E-03,+1.62066E+00,+994.30E-03,+33.47E-03
+996.00E-03,+1.65204E+00,+979.65E-03,-25.10E-03
+997.00E-03,+1.63112E+00,+979.65E-03,+0.0E+00
+998.00E-03,+1.62066E+00,+996.39E-03,+20.92E-03
+999.00E-03,+1.62066E+00,+994.30E-03,+29.29E-03
+1.00000E+00,+1.64367E+00,+979.65E-03,+4.18E-03
+1.00100E+00,+1.63740E+00,+996.39E-03,+12.55E-03
+1.00200E+00,+1.62694E+00,+998.48E-03,-8.37E-03
+1.00300E+00,+1.63530E+00,+994.30E-03,+4.18E-03
+1.00400E+00,+1.63112E+00,+998.48E-03,+29.29E-03
+1.00500E+00,+1.67087E+00,+983.84E-03,+20.92E-03
+1.00600E+00,+1.64576E+00,+996.39E-03,+20.92E-03
+1.00700E+00,+1.62066E+00,+979.65E-03,+29.29E-03
+1.00800E+00,+1.64995E+00,+1.02359E+00,+0.0E+00
+1.00900E+00,+1.63949E+00,+979.65E-03,+33.47E-03
+1.01000E+00,+1.61647E+00,+996.39E-03,+12.55E-03
+1.01100E+00,+1.66668E+00,+998.48E-03,+41.84E-03
+1.01200E+00,+1.63321E+00,+1.00058E+00,+4.18E-03
+1.01300E+00,+1.64367E+00,+990.12E-03,+12.55E-03
+1.01400E+00,+1.62903E+00,+996.39E-03,+0.0E+00
+1.01500E+00,+1.60392E+00,+996.39E-03,+29.29E-03
+1.01600E+00,+1.63740E+00,+981.75E-03,+33.47E-03
+1.01700E+00,+1.64576E+00,+990.12E-03,+33.47E-03
+1.01800E+00,+1.63949E+00,+990.12E-03,+0.0E+00
+1.01900E+00,+1.63321E+00,+979.65E-03,+33.47E-03
+1.02000E+00,+1.63112E+00,+979.65E-03,-29.29E-03
+1.02100E+00,+1.63740E+00,+1.00685E+00,+0.0E+00
+1.02200E+00,+1.60601E+00,+985.93E-03,+8.37E-03
+1.02300E+00,+1.63321E+00,+979.65E-03,-33.47E-03
+1.02400E+00,+1.64786E+00,+992.21E-03,+4.18E-03
+1.02500E+00,+1.64367E+00,+979.65E-03,+0.0E+00
+1.02600E+00,+1.64367E+00,+962.92E-03,+54.39E-03
+1.02700E+00,+1.60392E+00,+965.01E-03,-25.10E-03
+1.02800E+00,+1.63530E+00,+975.47E-03,+54.39E-03
+1.02900E+00,+1.61647E+00,+983.84E-03,-33.47E-03
+1.03000E+00,+1.64367E+00,+979.65E-03,+25.10E-03
+1.03100E+00,+1.66250E+00,+994.30E-03,+0.0E+00
+1.03200E+00,+1.63530E+00,+979.65E-03,+29.29E-03
+1.03300E+00,+1.62275E+00,+969.19E-03,+0.0E+00
+1.03400E+00,+1.63321E+00,+990.12E-03,+0.0E+00
+1.03500E+00,+1.63321E+00,+960.83E-03,+29.29E-03
+1.03600E+00,+1.60183E+00,+994.30E-03,+29.29E-03
+1.03700E+00,+1.62275E+00,+967.10E-03,+0.0E+00
+1.03800E+00,+1.60601E+00,+992.21E-03,+0.0E+00
+1.03900E+00,+1.63112E+00,+933.63E-03,+33.47E-03
+1.04000E+00,+1.63530E+00,+977.56E-03,+33.47E-03
+1.04100E+00,+1.62694E+00,+965.01E-03,-8.37E-03
+1.04200E+00,+1.64367E+00,+973.38E-03,+33.47E-03
+1.04300E+00,+1.62694E+00,+979.65E-03,-25.10E-03
+1.04400E+00,+1.61857E+00,+973.38E-03,+29.29E-03
+1.04500E+00,+1.62066E+00,+962.92E-03,+20.92E-03
+1.04600E+00,+1.63740E+00,+962.92E-03,+0.0E+00
+1.04700E+00,+1.61647E+00,+977.56E-03,+8.37E-03
+1.04800E+00,+1.63321E+00,+960.83E-03,+0.0E+00
+1.04900E+00,+1.62484E+00,+967.10E-03,+41.84E-03
+1.05000E+00,+1.62694E+00,+948.27E-03,+20.92E-03
+1.05100E+00,+1.60392E+00,+962.92E-03,+29.29E-03
+1.05200E+00,+1.62903E+00,+946.18E-03,+29.29E-03
+1.05300E+00,+1.63321E+00,+956.64E-03,+20.92E-03
+1.05400E+00,+1.62275E+00,+950.37E-03,+0.0E+00
+1.05500E+00,+1.62694E+00,+973.38E-03,+4.18E-03
+1.05600E+00,+1.61647E+00,+962.92E-03,+4.18E-03
+1.05700E+00,+1.63740E+00,+952.46E-03,+54.39E-03
+1.05800E+00,+1.60601E+00,+939.91E-03,+8.37E-03
+1.05900E+00,+1.61229E+00,+950.37E-03,+8.37E-03
+1.06000E+00,+1.58509E+00,+958.73E-03,+29.29E-03
+1.06100E+00,+1.61647E+00,+933.63E-03,+0.0E+00
+1.06200E+00,+1.62066E+00,+935.72E-03,-20.92E-03
+1.06300E+00,+1.62694E+00,+946.18E-03,+4.18E-03
+1.06400E+00,+1.61857E+00,+929.45E-03,+33.47E-03
+1.06500E+00,+1.61020E+00,+935.72E-03,+4.18E-03
+1.06600E+00,+1.59555E+00,+935.72E-03,+33.47E-03
+1.06700E+00,+1.61857E+00,+900.16E-03,+0.0E+00
+1.06800E+00,+1.61647E+00,+944.09E-03,+62.76E-03
+1.06900E+00,+1.60811E+00,+925.26E-03,-8.37E-03
+1.07000E+00,+1.61647E+00,+916.89E-03,+12.55E-03
+1.07100E+00,+1.61438E+00,+925.26E-03,+4.18E-03
+1.07200E+00,+1.63112E+00,+893.88E-03,-33.47E-03
+1.07300E+00,+1.61647E+00,+929.45E-03,+33.47E-03
+1.07400E+00,+1.61647E+00,+879.24E-03,+33.47E-03
+1.07500E+00,+1.59974E+00,+879.24E-03,+33.47E-03
+1.07600E+00,+1.63112E+00,+877.14E-03,+33.47E-03
+1.07700E+00,+1.63321E+00,+856.22E-03,+20.92E-03
+1.07800E+00,+1.59346E+00,+852.04E-03,+20.92E-03
+1.07900E+00,+1.63112E+00,+849.95E-03,+33.47E-03
+1.08000E+00,+1.61438E+00,+843.67E-03,-4.18E-03
+1.08100E+00,+1.60392E+00,+845.76E-03,-8.37E-03
+1.08200E+00,+1.59555E+00,+829.03E-03,+46.03E-03
+1.08300E+00,+1.61647E+00,+829.03E-03,+4.18E-03
+1.08400E+00,+1.60183E+00,+753.71E-03,+33.47E-03
+1.08500E+00,+1.62694E+00,+799.74E-03,-25.10E-03
+1.08600E+00,+1.59765E+00,+755.81E-03,-20.92E-03
+1.08700E+00,+1.61438E+00,+730.70E-03,+29.29E-03
+1.08800E+00,+1.60183E+00,+711.87E-03,+29.29E-03
+1.08900E+00,+1.59974E+00,+695.14E-03,-8.37E-03
+1.09000E+00,+1.58719E+00,+674.22E-03,-20.92E-03
+1.09100E+00,+1.63112E+00,+651.20E-03,+0.0E+00
+1.09200E+00,+1.58509E+00,+628.19E-03,-4.18E-03
+1.09300E+00,+1.61020E+00,+634.47E-03,+0.0E+00
+1.09400E+00,+1.57882E+00,+598.90E-03,+20.92E-03
+1.09500E+00,+1.58300E+00,+596.81E-03,+62.76E-03
+1.09600E+00,+1.60183E+00,+546.60E-03,-25.10E-03
+1.09700E+00,+1.62275E+00,+506.85E-03,+25.10E-03
+1.09800E+00,+1.60601E+00,+483.84E-03,+8.37E-03
+1.09900E+00,+1.61438E+00,+488.02E-03,-25.10E-03
+1.10000E+00,+1.59974E+00,+475.47E-03,+29.29E-03
+1.10100E+00,+1.59346E+00,+423.17E-03,+0.0E+00
+1.10200E+00,+1.58928E+00,+393.88E-03,+33.47E-03
+1.10300E+00,+1.60183E+00,+423.17E-03,+29.29E-03
+1.10400E+00,+1.59974E+00,+377.14E-03,+0.0E+00
+1.10500E+00,+1.58928E+00,+306.01E-03,+33.47E-03
+1.10600E+00,+1.58300E+00,+278.82E-03,+20.92E-03
+1.10700E+00,+1.59765E+00,+276.73E-03,-4.18E-03
+1.10800E+00,+1.58300E+00,+239.07E-03,+4.18E-03
+1.10900E+00,+1.58300E+00,+205.60E-03,+12.55E-03
+1.11000E+00,+1.59974E+00,+188.86E-03,+46.03E-03
+1.11100E+00,+1.58928E+00,+165.85E-03,+0.0E+00
+1.11200E+00,+1.59555E+00,+142.83E-03,+0.0E+00
+1.11300E+00,+1.60392E+00,+142.83E-03,+12.55E-03
+1.11400E+00,+1.58300E+00,+126.10E-03,+0.0E+00
+1.11500E+00,+1.59974E+00,+80.07E-03,+0.0E+00
+1.11600E+00,+1.58509E+00,+117.73E-03,+29.29E-03
+1.11700E+00,+1.58300E+00,+71.71E-03,+20.92E-03
+1.11800E+00,+1.58928E+00,+92.63E-03,+54.39E-03
+1.11900E+00,+1.58091E+00,+40.32E-03,+0.0E+00
+1.12000E+00,+1.56836E+00,+54.97E-03,+0.0E+00
+1.12100E+00,+1.56208E+00,+59.15E-03,+33.47E-03
+1.12200E+00,+1.56627E+00,+54.97E-03,+20.92E-03
+1.12300E+00,+1.56836E+00,+27.77E-03,-54.39E-03
+1.12400E+00,+1.56836E+00,+44.51E-03,+0.0E+00
+1.12500E+00,+1.56208E+00,+38.23E-03,-8.37E-03
+1.12600E+00,+1.57254E+00,+27.77E-03,+12.55E-03
+1.12700E+00,+1.57045E+00,+42.42E-03,+25.10E-03
+1.12800E+00,+1.57882E+00,+25.68E-03,+4.18E-03
+1.12900E+00,+1.58300E+00,+31.96E-03,+20.92E-03
+1.13000E+00,+1.57254E+00,+31.96E-03,+33.47E-03
+1.13100E+00,+1.54953E+00,+42.42E-03,+29.29E-03
+1.13200E+00,+1.54953E+00,+13.13E-03,+25.10E-03
+1.13300E+00,+1.56208E+00,+36.14E-03,-12.55E-03
+1.13400E+00,+1.57045E+00,+8.94E-03,-33.47E-03
+1.13500E+00,+1.55162E+00,+15.22E-03,-33.47E-03
+1.13600E+00,+1.54953E+00,+25.68E-03,+0.0E+00
+1.13700E+00,+1.56627E+00,+29.86E-03,+46.03E-03
