Initial,Final,Wavelength (nm),Wavelength error (nm),Wavelength (nm),Matrix element (a.u.),Matrix el. error (a.u.),Matrix element (a.u.),Reference,DOI,Reference 2,DOI 2
5s1/2,5p1/2,794.9789,0.0006,794.9789(6),4.231,0.003,4.231(3),"U. Volz and H. Schmoranzer, Physica Scripta T65, 48 (1996)",https://doi.org/10.1088/0031-8949/1996/T65/007,,
5s1/2,5p3/2,780.2415,0.0006,780.2415(6),5.978,0.005,5.978(5),"U. Volz and H. Schmoranzer, Physica Scripta T65, 48 (1996)",https://doi.org/10.1088/0031-8949/1996/T65/007,,
5s1/2,6p1/2,421.6726,0.0003,421.6726(3),0.3235,0.0009,0.3235(9),"C. D. Herold, V. D. Vaidya, X. Li, S. L. Rolston, J. V. Porto, and M. S. Safronova, Phys. Rev. Lett. 109, 243003 (2012)",https://doi.org/10.1103/PhysRevLett.109.243003,,
5s1/2,6p3/2,420.2989,0.0002,420.2989(2),0.523,0.0008,0.5230(8),"C. D. Herold, V. D. Vaidya, X. Li, S. L. Rolston, J. V. Porto, and M. S. Safronova, Phys. Rev. Lett. 109, 243003 (2012)",https://doi.org/10.1103/PhysRevLett.109.243003,,
5s1/2,7p1/2,359.2597,0.0002,359.2597(2),0.1154299,0.0080606,0.1154(81),,,,
5s1/2,7p3/2,358.8073,0.0002,358.8073(2),0.2023142,0.0105247,0.202(11),,,,
5s1/2,8p1/2,335.1775,0.0002,335.1775(2),0.0598359,0.0056525,0.0598(57),,,,
5s1/2,8p3/2,334.9658,0.0002,334.9658(2),0.1109939,0.0073876,0.1110(74),,,,
5s1/2,9p1/2,323.0088,0.0001,323.0088(1),0.0376028,0.0043066,0.0376(43),,,,
5s1/2,9p3/2,322.8911,0.0001,322.8911(1),0.0726511,0.0056406,0.0727(56),,,,
5s1/2,10p1/2,315.9173,0.0001,315.9173(1),0.0263885,0.0034358,0.0264(34),,,,
5s1/2,10p3/2,315.8444,0.0001,315.8444(1),0.052518,0.0045084,0.0525(45),,,,
5s1/2,11p1/2,311.395,0.0001,311.3950(1),0.0198671,0.0028278,0.0199(28),,,,
5s1/2,11p3/2,311.3468,0.0001,311.3468(1),0.0404163,0.0037162,0.0404(37),,,,
5s1/2,12p1/2,308.3232,0.0005,308.3232(5),0.015693,0.0023817,0.0157(24),,,,
5s1/2,12p3/2,308.2895,0.0005,308.2895(5),0.0324571,0.0031338,0.0325(31),,,,
5s1/2,13p1/2,306.1378,0.0005,306.1378(5),0.0128314,0.0020425,0.0128(20),,,,
5s1/2,13p3/2,306.1134,0.0005,306.1134(5),0.0268775,0.00269,0.0269(27),,,,
6s1/2,5p1/2,1323.8791,0.0018,1323.879(2),4.1462307,0.0081555,4.1462(82),,,,
6s1/2,5p3/2,1366.8737,0.0019,1366.874(2),6.0475447,0.0127237,6.048(13),,,,
6s1/2,6p1/2,2791.2915,0.011,2791.29(1),9.7197287,0.0245525,9.720(25),,,,
6s1/2,6p3/2,2732.18,0.0106,2732.18(1),13.644913,0.036115,13.645(36),,,,
6s1/2,7p1/2,1298.2781,0.0024,1298.278(2),0.9922136,0.0180716,0.992(18),,,,
6s1/2,7p3/2,1292.3904,0.0024,1292.390(2),1.5397377,0.0247535,1.540(25),,,,
6s1/2,8p1/2,1030.6696,0.0015,1030.670(2),0.3935522,0.0054221,0.3936(54),,,,
6s1/2,8p3/2,1028.6711,0.0015,1028.671(1),0.6284739,0.0095801,0.6285(96),,,,
6s1/2,9p1/2,923.6681,0.0012,923.668(1),0.2224333,0.0041527,0.2224(42),,,,
6s1/2,9p3/2,922.7067,0.0012,922.707(1),0.3632766,0.0059709,0.3633(60),,,,
6s1/2,10p1/2,867.9546,0.0011,867.955(1),0.1484873,0.0030082,0.1485(30),,,,
6s1/2,10p3/2,867.4042,0.0011,867.404(1),0.2461253,0.004114,0.2461(41),,,,
6s1/2,11p1/2,834.6521,0.001,834.652(1),0.1088502,0.0022409,0.1089(22),,,,
6s1/2,11p3/2,834.306,0.001,834.306(1),0.182291,0.0032127,0.1823(32),,,,
6s1/2,12p1/2,812.9427,0.0034,812.943(3),0.0846548,0.0015434,0.0847(15),,,,
6s1/2,12p3/2,812.7088,0.0034,812.709(3),0.1428288,0.002229,0.1428(22),,,,
6s1/2,13p1/2,797.9241,0.0032,797.924(3),0.0685508,0.0012491,0.0686(12),,,,
6s1/2,13p3/2,797.7586,0.0032,797.759(3),0.1163001,0.0018113,0.1163(18),,,,
8s1/2,5p1/2,607.2432,0.0004,607.2432(4),0.5022811,0.003119,0.5023(31),,,,
8s1/2,5p3/2,616.1327,0.0004,616.1327(4),0.707779,0.0046757,0.7078(47),,,,
8s1/2,6p1/2,1875.5621,0.005,1875.562(5),1.8512048,0.0102944,1.851(10),,,,
8s1/2,6p3/2,1903.2303,0.0051,1903.230(5),2.5975176,0.0155197,2.598(16),,,,
8s1/2,7p1/2,8252.2141,0.0963,8252.2(1),15.990035,0.1599003,15.99(16),,,,
8s1/2,7p3/2,8498.2995,0.1021,8498.3(1),23.226375,0.035835,23.226(36),,,,
8s1/2,8p1/2,12688.3587,0.2277,12688.4(2),25.87933,0.057846,25.879(58),,,,
8s1/2,8p3/2,12391.973,0.2172,12392.0(2),36.199927,0.087625,36.200(88),,,,
8s1/2,9p1/2,5229.8684,0.0387,5229.87(4),2.9407443,0.0257696,2.941(26),,,,
8s1/2,9p3/2,5199.1968,0.0382,5199.20(4),4.430614,0.0350916,4.431(35),,,,
8s1/2,10p1/2,3835.7766,0.0208,3835.78(2),1.1986254,0.0140306,1.199(14),,,,
8s1/2,10p3/2,3825.0513,0.0207,3825.05(2),1.8449967,0.0196011,1.845(20),,,,
8s1/2,11p1/2,3260.798,0.015,3260.80(2),0.6854082,0.0053937,0.6854(54),,,,
8s1/2,11p3/2,3255.522,0.015,3255.52(1),1.0743455,0.0076412,1.0743(76),,,,
8s1/2,12p1/2,2952.7408,0.0445,2952.74(4),0.4630898,0.0044667,0.4631(45),,,,
8s1/2,12p3/2,2949.6576,0.0444,2949.66(4),0.7324705,0.0069952,0.7325(70),,,,
8s1/2,13p1/2,2763.7945,0.0389,2763.79(4),0.3420372,0.0038835,0.3420(39),,,,
8s1/2,13p3/2,2761.8099,0.0389,2761.81(4),0.544287,0.0059097,0.5443(59),,,,
9s1/2,5p1/2,558.0332,0.0003,558.0332(3),0.3314889,0.002127,0.3315(21),,,,
9s1/2,5p3/2,565.5313,0.0003,565.5313(3),0.4661778,0.0031886,0.4662(32),,,,
9s1/2,6p1/2,1474.0675,0.0031,1474.067(3),0.9348055,0.0057205,0.9348(57),,,,
9s1/2,6p3/2,1491.1041,0.0031,1491.104(3),1.3037247,0.0086075,1.3037(86),,,,
9s1/2,7p1/2,3753.7383,0.0199,3753.74(2),2.9981154,0.0165175,2.998(17),,,,
9s1/2,7p3/2,3803.842,0.0205,3803.84(2),4.1858575,0.0250502,4.186(25),,,,
9s1/2,8p1/2,15058.1773,0.3207,15058.2(3),24.581968,0.040269,24.582(40),,,,
9s1/2,8p3/2,15498.0852,0.3397,15498.1(3),35.569549,0.064774,35.570(65),,,,
9s1/2,9p1/2,21744.8503,0.6687,21744.9(7),36.722798,0.077083,36.723(77),,,,
9s1/2,9p3/2,21224.2576,0.6371,21224.3(6),51.322398,0.118156,51.32(12),,,,
9s1/2,10p1/2,8659.3657,0.106,8659.4(1),4.2440292,0.0343739,4.244(34),,,,
9s1/2,10p3/2,8604.8967,0.1047,8604.9(1),6.3676838,0.0467213,6.368(47),,,,
9s1/2,11p1/2,6193.7952,0.0543,6193.80(5),1.7286599,0.0130694,1.729(13),,,,
9s1/2,11p3/2,6174.7872,0.0539,6174.79(5),2.6531523,0.018235,2.653(18),,,,
9s1/2,12p1/2,5169.3772,0.1363,5169.4(1),0.9948286,0.0080076,0.9948(80),,,,
9s1/2,12p3/2,5159.9348,0.1358,5159.9(1),1.5461685,0.0124913,1.546(12),,,,
9s1/2,13p1/2,4616.8073,0.1087,4616.8(1),0.6705457,0.0067106,0.6705(67),,,,
9s1/2,13p3/2,4611.2721,0.1084,4611.3(1),1.0504623,0.0101678,1.050(10),,,,
10s1/2,5p1/2,532.3855,0.0003,532.3855(3),0.2429407,0.0015873,0.2429(16),,,,
10s1/2,5p3/2,539.206,0.0003,539.2060(3),0.3413062,0.00238,0.3413(24),,,,
10s1/2,6p1/2,1307.6596,0.0024,1307.660(2),0.6059422,0.003808,0.6059(38),,,,
10s1/2,6p3/2,1321.0493,0.0025,1321.049(2),0.8431175,0.0057288,0.8431(57),,,,
10s1/2,7p1/2,2835.0208,0.0114,2835.02(1),1.4714307,0.008984,1.4714(90),,,,
10s1/2,7p3/2,2863.5072,0.0116,2863.51(1),2.0404966,0.0135836,2.040(14),,,,
10s1/2,8p1/2,6547.112,0.0606,6547.11(6),4.394676,0.0246703,4.395(25),,,,
10s1/2,8p3/2,6628.9216,0.0621,6628.92(6),6.1164479,0.0377769,6.116(38),,,,
10s1/2,9p1/2,24788.0006,0.869,24788.0(9),34.875744,0.058987,34.876(59),,,,
10s1/2,9p3/2,25501.0315,0.9197,25501.0(9),50.421458,0.094743,50.421(95),,,,
10s1/2,10p1/2,34303.0814,1.6641,34303(2),49.420286,0.100455,49.42(10),,,,
10s1/2,10p3/2,33463.9543,1.5837,33464(2),69.020605,0.158919,69.02(16),,,,
10s1/2,11p1/2,13311.6974,0.2506,13311.7(3),5.7691585,0.0442828,5.769(44),,,,
10s1/2,11p3/2,13224.2072,0.2473,13224.2(2),8.6284101,0.0601471,8.628(60),,,,
10s1/2,12p1/2,9335.595,0.4444,9335.6(4),2.3560479,0.0166401,2.356(17),,,,
10s1/2,12p3/2,9304.8444,0.4415,9304.8(4),3.5989554,0.0231889,3.599(23),,,,
10s1/2,13p1/2,7676.3704,0.3005,7676.4(3),1.3527074,0.0113948,1.353(11),,,,
10s1/2,13p3/2,7661.08,0.2993,7661.1(3),2.0900058,0.0172273,2.090(17),,,,
11s1/2,5p1/2,517.1093,0.0003,517.1093(3),0.1892199,0.0012505,0.1892(13),,,,
11s1/2,5p3/2,523.5417,0.0003,523.5417(3),0.2656775,0.001875,0.2657(19),,,,
11s1/2,6p1/2,1219.194,0.0021,1219.194(2),0.4406402,0.0028008,0.4406(28),,,,
11s1/2,6p3/2,1230.8253,0.0021,1230.825(2),0.6123981,0.0042136,0.6124(42),,,,
11s1/2,7p1/2,2449.6589,0.0085,2449.659(8),0.9400835,0.0058895,0.9401(59),,,,
11s1/2,7p3/2,2470.8984,0.0086,2470.898(9),1.3002539,0.0088982,1.3003(89),,,,
11s1/2,8p1/2,4802.4258,0.0326,4802.43(3),2.1119498,0.0132813,2.112(13),,,,
11s1/2,8p3/2,4846.2973,0.0332,4846.30(3),2.9179799,0.0202563,2.918(20),,,,
11s1/2,9p1/2,10435.0258,0.154,10435.0(2),6.0417025,0.033603,6.042(34),,,,
11s1/2,9p3/2,10559.3164,0.1577,10559.3(2),8.3908938,0.0517625,8.391(52),,,,
11s1/2,10p1/2,37969.2525,2.0388,37969(2),46.920765,0.084357,46.921(84),,,,
11s1/2,10p3/2,39053.1944,2.1569,39053(2),67.800375,0.140882,67.80(14),,,,
11s1/2,11p1/2,50934.9103,3.669,50935(4),63.973647,0.128571,63.97(13),,,,
11s1/2,11p3/2,49677.3456,3.4901,49677(3),89.307537,0.200393,89.31(20),,,,
11s1/2,12p1/2,19369.372,1.913,19369(2),7.5235803,0.0554091,7.524(55),,,,
11s1/2,12p3/2,19237.4653,1.887,19237(2),11.226397,0.075198,11.226(75),,,,
11s1/2,13p1/2,13372.3986,0.9118,13372.4(9),3.0696004,0.0207036,3.070(21),,,,
11s1/2,13p3/2,13326.0662,0.9055,13326.1(9),4.6721647,0.029165,4.672(29),,,,
12s1/2,5p1/2,507.2033,0.0001,507.2033(1),0.1533667,0.0010443,0.1534(10),,,,
12s1/2,5p3/2,513.3901,0.0001,513.3901(1),0.2152519,0.0015678,0.2153(16),,,,
12s1/2,6p1/2,1165.5243,0.0015,1165.524(1),0.3421317,0.0022556,0.3421(23),,,,
12s1/2,6p3/2,1176.1496,0.0015,1176.150(1),0.4751569,0.0033964,0.4752(34),,,,
12s1/2,7p1/2,2242.2073,0.0054,2242.207(5),0.6781996,0.0044433,0.6782(44),,,,
12s1/2,7p3/2,2259.9886,0.0055,2259.989(6),0.9367728,0.0067151,0.9368(67),,,,
12s1/2,8p1/2,4065.0886,0.0178,4065.09(2),1.3328955,0.0089421,1.3329(89),,,,
12s1/2,8p3/2,4096.4786,0.0181,4096.48(2),1.8362906,0.0136256,1.836(14),,,,
12s1/2,9p1/2,7485.0243,0.0603,7485.02(6),2.855954,0.0184891,2.856(18),,,,
12s1/2,9p3/2,7548.7593,0.0614,7548.76(6),3.9358015,0.0283722,3.936(28),,,,
12s1/2,10p1/2,15599.1396,0.2621,15599.1(3),7.9366286,0.0455682,7.937(46),,,,
12s1/2,10p3/2,15779.0678,0.2682,15779.1(3),11.004042,0.071753,11.004(72),,,,
12s1/2,11p1/2,55138.6461,3.2745,55139(3),60.729353,0.127612,60.73(13),,,,
12s1/2,11p3/2,56692.2349,3.4616,56692(3),87.705443,0.200764,87.71(20),,,,
12s1/2,12p1/2,72155.7988,26.1155,72160(30),80.351146,0.194296,80.35(19),,,,
12s1/2,12p3/2,70358.6179,24.8308,70360(20),112.12773,0.29964,112.13(30),,,,
12s1/2,13p1/2,27018.3373,3.6616,27018(4),9.4995528,0.0680435,9.500(68),,,,
12s1/2,13p3/2,26829.8638,3.6107,26830(4),14.147724,0.092275,14.148(92),,,,
13s1/2,5p1/2,500.381,0.025,500.38(3)*,0.1287824,0.000345,0.12878(35),,,,
13s1/2,5p3/2,506.4015,0.0256,506.40(3)*,0.180787,0.000552,0.18079(55),,,,
13s1/2,6p1/2,1130.1173,0.1277,1130.1(1)*,0.2790575,0.0012049,0.2791(12),,,,
13s1/2,6p3/2,1140.1041,0.13,1140.1(1)*,0.3876046,0.0018893,0.3876(19),,,,
13s1/2,7p1/2,2114.7461,0.4472,2114.7(4)*,0.5279843,0.0024804,0.5280(25),,,,
13s1/2,7p3/2,2130.5562,0.4539,2130.6(5)*,0.7291726,0.0039286,0.7292(39),,,,
13s1/2,8p1/2,3664.6413,1.343,3665(1)*,0.9613401,0.0046167,0.9613(46),,,,
13s1/2,8p3/2,3690.1322,1.3618,3690(1)*,1.3234319,0.0073785,1.3234(74),,,,
13s1/2,9p1/2,6231.2673,3.8831,6231(4)*,1.796742,0.0085501,1.7967(86),,,,
13s1/2,9p3/2,6275.3761,3.9382,6275(4)*,2.4704096,0.0137688,2.470(14),,,,
13s1/2,10p1/2,10990.5811,12.0799,10990(10)*,3.7276923,0.0168344,3.728(17),,,,
13s1/2,10p3/2,11079.5958,12.2764,11080(10)*,5.1314334,0.0272866,5.131(27),,,,
13s1/2,11p1/2,22213.8303,49.3479,22210(50)*,10.139812,0.037948,10.140(38),,,,
13s1/2,11p3/2,22461.8149,50.4558,22460(50)*,14.053367,0.061888,14.053(62),,,,
13s1/2,12p1/2,76793.1193,590.455,76800(600)*,76.113359,0.0380567,76.113(38),,,,
13s1/2,12p3/2,78939.059,623.9159,78900(600)*,109.86315,0.07812,109.863(78),,,,
13s1/2,13p1/2,98706.9391,975.5231,9.9(1)E+04*,98.848218,0.287547,98.85(29),,,,
13s1/2,13p3/2,96237.1283,927.3155,96200(900)*,137.93859,0.4447,137.94(44),,,,
4d3/2,5p1/2,1475.6447,0.0022,1475.645(2),8.0161729,0.0242461,8.016(24),,,,
4d3/2,5p3/2,1529.2615,0.0024,1529.262(2),3.6184071,0.012493,3.618(12),,,,
4d3/2,6p1/2,2293.8768,0.0074,2293.877(7),5.2700592,0.2613877,5.27(26),,,,
4d3/2,6p3/2,2253.8045,0.0072,2253.805(7),2.3022326,0.1161689,2.30(12),,,,
4d3/2,7p1/2,1179.3328,0.002,1179.333(2),1.0692542,0.0183221,1.069(18),,,,
4d3/2,7p3/2,1174.4725,0.002,1174.472(2),0.4791787,0.0075987,0.4792(76),,,,
4d3/2,8p1/2,954.263,0.0013,954.263(1),0.5427834,0.009851,0.5428(99),,,,
4d3/2,8p3/2,952.5496,0.0013,952.550(1),0.2440041,0.0041747,0.2440(42),,,,
4d3/2,9p1/2,861.8267,0.0011,861.827(1),0.3517249,0.006511,0.3517(65),,,,
4d3/2,9p3/2,860.9897,0.001,860.990(1),0.1582699,0.0027292,0.1583(27),,,,
4d3/2,10p1/2,813.1271,0.0009,813.1271(9),0.2552861,0.0048281,0.2553(48),,,,
4d3/2,10p3/2,812.644,0.0009,812.6440(9),0.114924,0.0019795,0.1149(20),,,,
4d3/2,11p1/2,783.828,0.0009,783.8280(9),0.1977855,0.0037744,0.1978(38),,,,
4d3/2,11p3/2,783.5228,0.0009,783.5228(9),0.0890599,0.0015309,0.0891(15),,,,
4d3/2,12p1/2,764.6516,0.003,764.652(3),0.1598777,0.0030591,0.1599(31),,,,
4d3/2,12p3/2,764.4447,0.003,764.445(3),0.0719989,0.0012334,0.0720(12),,,,
4d3/2,13p1/2,751.3497,0.0029,751.350(3),0.1331411,0.0025536,0.1331(26),,,,
4d3/2,13p3/2,751.203,0.0029,751.203(3),0.0599647,0.0010256,0.0600(10),,,,
4d3/2,4f5/2,1344.7242,0.0026,1344.724(3),10.509301,0.30664,10.51(31),,,,
4d3/2,5f5/2,1007.8473,0.0014,1007.847(1),4.5929227,0.021061,4.593(21),,,,
4d3/2,6f5/2,887.1281,0.0011,887.128(1),2.8006631,0.0284552,2.801(28),,,,
4d3/2,7f5/2,827.3981,0.001,827.398(1),1.9652707,0.0196527,1.965(20),,,,
4d3/2,8f5/2,792.7717,0.0009,792.7717(9),1.4947339,0.0194924,1.495(19),,,,
4d3/2,9f5/2,770.6677,0.0119,770.67(1)*,1.2046346,0.004293,1.2046(43),,,,
4d3/2,10f5/2,755.6065,0.0057,755.607(6)*,0.9943538,0.0022231,0.9944(22),,,,
4d3/2,11f5/2,744.8384,0.0056,744.838(6)*,0.8409196,0.0010762,0.8409(11),,,,
4d5/2,5p3/2,1529.3658,0.0024,1529.366(2),10.861994,0.036824,10.862(37),,,,
4d5/2,6p3/2,2253.578,0.0072,2253.578(7),6.9046844,0.3425278,6.90(34),,,,
4d5/2,7p3/2,1174.4109,0.002,1174.411(2),1.4387829,0.0219885,1.439(22),,,,
4d5/2,8p3/2,952.5091,0.0013,952.509(1),0.7325899,0.012082,0.733(12),,,,
4d5/2,9p3/2,860.9566,0.001,860.957(1),0.4751471,0.007898,0.4751(79),,,,
4d5/2,10p3/2,812.6146,0.0009,812.6146(9),0.3449973,0.0057278,0.3450(57),,,,
4d5/2,11p3/2,783.4954,0.0009,783.4954(9),0.2673437,0.0044295,0.2673(44),,,,
4d5/2,12p3/2,764.4186,0.003,764.419(3),0.2161227,0.0035686,0.2161(36),,,,
4d5/2,13p3/2,751.1778,0.0029,751.178(3),0.1799952,0.0029671,0.1800(30),,,,
4d5/2,4f5/2,1344.6436,0.0026,1344.644(3),2.8089957,0.080436,2.809(80),,,,
4d5/2,4f7/2,1344.6483,0.0026,1344.648(3),12.562446,0.359712,12.56(36),,,,
4d5/2,5f5/2,1007.802,0.0014,1007.802(1),1.2282722,0.0056389,1.2283(56),,,,
4d5/2,5f7/2,1007.8039,0.0014,1007.804(1),5.4930954,0.0252099,5.493(25),,,,
4d5/2,6f5/2,887.093,0.0011,887.093(1),0.74908,0.0073674,0.7491(74),,,,
4d5/2,6f7/2,887.0943,0.0011,887.094(1),3.3500351,0.0329364,3.350(33),,,,
4d5/2,7f5/2,827.3675,0.001,827.368(1),0.5257425,0.0052574,0.5257(53),,,,
4d5/2,7f7/2,827.3684,0.001,827.368(1),2.3512292,0.0235123,2.351(24),,,,
4d5/2,8f5/2,792.7437,0.0009,792.7437(9),0.3998278,0.0050617,0.3998(51),,,,
4d5/2,8f7/2,792.744,0.0009,792.7440(9),1.7881166,0.0226203,1.788(23),,,,
4d5/2,9f5/2,770.6412,0.0119,770.64(1)*,0.3221422,0.001074,0.3221(11),,,,
4d5/2,9f7/2,770.6418,0.0119,770.64(1)*,1.4406782,0.0047986,1.4407(48),,,,
4d5/2,10f5/2,755.5811,0.0057,755.581(6)*,0.2659087,0.0005426,0.26591(54),,,,
4d5/2,10f7/2,755.5817,0.0057,755.582(6)*,1.1891907,0.0024228,1.1892(24),,,,
4d5/2,11f5/2,744.8137,0.0056,744.814(6)*,0.2248774,0.0002496,0.22488(25),,,,
4d5/2,11f7/2,744.8137,0.0056,744.814(6)*,1.0056902,0.0011127,1.0057(11),,,,
5d3/2,5p1/2,762.103,0.0006,762.1030(6),1.3525261,0.0768426,1.353(77),,,,
5d3/2,5p3/2,776.157,0.0006,776.1570(6),0.6655096,0.034861,0.666(35),,,,
5d3/2,6p1/2,5036.6289,0.0359,5036.63(4),18.10774,0.1810774,18.11(18),,,,
5d3/2,6p3/2,5241.2412,0.0388,5241.24(4),8.1593528,0.0856281,8.159(86),,,,
5d3/2,7p1/2,4684.973,0.031,4684.97(3),10.702815,0.430039,10.70(43),,,,
5d3/2,7p3/2,4609.1998,0.03,4609.20(3),4.660909,0.1908344,4.66(19),,,,
5d3/2,8p1/2,2418.7283,0.0083,2418.728(8),2.4309874,0.0354028,2.431(35),,,,
5d3/2,8p3/2,2407.7506,0.0082,2407.751(8),1.0828531,0.014831,1.083(15),,,,
5d3/2,9p1/2,1901.7286,0.0051,1901.729(5),1.241866,0.0196722,1.242(20),,,,
5d3/2,9p3/2,1897.6578,0.0051,1897.658(5),0.5552675,0.0084225,0.5553(84),,,,
5d3/2,10p1/2,1679.7367,0.004,1679.737(4),0.8049314,0.0128753,0.805(13),,,,
5d3/2,10p3/2,1677.6767,0.004,1677.677(4),0.3603847,0.0055556,0.3604(56),,,,
5d3/2,11p1/2,1559.3292,0.0034,1559.329(3),0.5844886,0.0097022,0.5845(97),,,,
5d3/2,11p3/2,1558.1217,0.0034,1558.122(3),0.2618582,0.0040501,0.2619(41),,,,
5d3/2,12p1/2,1485.23,0.0112,1485.23(1),0.4533617,0.007668,0.4534(77),,,,
5d3/2,12p3/2,1484.4495,0.0112,1484.45(1),0.2031781,0.0031398,0.2032(31),,,,
5d3/2,13p1/2,1435.8545,0.0105,1435.85(1),0.367083,0.0062733,0.3671(63),,,,
5d3/2,13p3/2,1435.3187,0.0105,1435.32(1),0.1645495,0.0025411,0.1645(25),,,,
5d3/2,4f5/2,9161.0158,0.1187,9161.0(1),25.379385,0.081241,25.379(81),,,,
5d3/2,5f5/2,2795.4426,0.0111,2795.44(1),9.5637429,0.5055749,9.56(51),,,,
5d3/2,6f5/2,2029.4506,0.0058,2029.451(6),5.1418791,0.1140415,5.14(11),,,,
5d3/2,7f5/2,1741.798,0.0043,1741.798(4),3.3823424,0.0427455,3.382(43),,,,
5d3/2,8f5/2,1595.1291,0.0036,1595.129(4),2.4722227,0.0200068,2.472(20),,,,
5d3/2,9f5/2,1508.0968,0.0455,1508.10(5)*,1.9135803,0.0766503,1.914(77),,,,
5d3/2,10f5/2,1451.4812,0.0212,1451.48(2)*,1.5548577,0.0583019,1.555(58),,,,
5d3/2,11f5/2,1412.261,0.02,1412.26(2)*,1.3002034,0.0464245,1.300(46),,,,
5d5/2,5p3/2,775.9786,0.0006,775.9786(6),1.9840992,0.1028062,1.98(10),,,,
5d5/2,6p3/2,5233.117,0.0387,5233.12(4),24.489442,0.1675631,24.49(17),,,,
5d5/2,7p3/2,4615.5011,0.0301,4615.50(3),14.004618,0.555311,14.00(56),,,,
5d5/2,8p3/2,2409.469,0.0082,2409.469(8),3.2543468,0.0426183,3.254(43),,,,
5d5/2,9p3/2,1898.725,0.0051,1898.725(5),1.6684756,0.0242025,1.668(24),,,,
5d5/2,10p3/2,1678.5108,0.004,1678.511(4),1.0827889,0.015963,1.083(16),,,,
5d5/2,11p3/2,1558.8411,0.0034,1558.841(3),0.7867199,0.0116364,0.787(12),,,,
5d5/2,12p3/2,1485.1025,0.0112,1485.10(1),0.6104029,0.0090204,0.6104(90),,,,
5d5/2,13p3/2,1435.9291,0.0105,1435.93(1),0.4943404,0.0073003,0.4943(73),,,,
5d5/2,4f5/2,9185.9418,0.1193,9185.9(1),6.7842433,0.0205058,6.784(21),,,,
5d5/2,4f7/2,9186.1612,0.1193,9186.2(1),30.339771,0.091708,30.340(92),,,,
5d5/2,5f5/2,2797.7592,0.0111,2797.76(1),2.5616152,0.1307256,2.56(13),,,,
5d5/2,5f7/2,2797.7741,0.0111,2797.77(1),11.456406,0.584506,11.46(58),,,,
5d5/2,6f5/2,2030.6713,0.0058,2030.671(6),1.3771468,0.0296514,1.377(30),,,,
5d5/2,6f7/2,2030.6779,0.0058,2030.678(6),6.1590486,0.1325739,6.16(13),,,,
5d5/2,7f5/2,1742.6971,0.0043,1742.697(4),0.9057576,0.0111773,0.906(11),,,,
5d5/2,7f7/2,1742.7007,0.0043,1742.701(4),4.0508335,0.0499722,4.051(50),,,,
5d5/2,8f5/2,1595.8831,0.0036,1595.883(4),0.6619688,0.0052665,0.6620(53),,,,
5d5/2,8f7/2,1595.8844,0.0036,1595.884(4),2.9604934,0.0235096,2.960(24),,,,
5d5/2,9f5/2,1508.7708,0.0456,1508.77(5)*,0.5123735,0.0197236,0.512(20),,,,
5d5/2,9f7/2,1508.7731,0.0456,1508.77(5)*,2.291495,0.0882063,2.291(88),,,,
5d5/2,10f5/2,1452.1055,0.0212,1452.11(2)*,0.416279,0.0149937,0.416(15),,,,
5d5/2,10f7/2,1452.1076,0.0212,1452.11(2)*,1.8617278,0.0670529,1.862(67),,,,
5d5/2,11f5/2,1412.852,0.0201,1412.85(2)*,0.348075,0.011934,0.348(12),,,,
5d5/2,11f7/2,1412.852,0.0201,1412.85(2)*,1.5566972,0.0533694,1.557(53),,,,
6d3/2,5p1/2,620.8027,0.0004,620.8027(4),1.0673526,0.0371636,1.067(37),,,,
6d3/2,5p3/2,630.0966,0.0004,630.0966(4),0.5063922,0.0166924,0.506(17),,,,
6d3/2,6p1/2,2011.2445,0.0057,2011.244(6),1.604787,0.0824784,1.605(82),,,,
6d3/2,6p3/2,2043.0946,0.0059,2043.095(6),0.8330571,0.037245,0.833(37),,,,
6d3/2,7p1/2,11735.6154,0.1948,11735.6(2),31.41796,0.047174,31.418(47),,,,
6d3/2,7p3/2,12239.6474,0.2119,12239.6(2),14.16669,0.020949,14.167(21),,,,
6d3/2,8p1/2,8712.2205,0.1073,8712.2(1),17.885342,0.525372,17.89(53),,,,
6d3/2,8p3/2,8571.4555,0.1039,8571.5(1),7.7796557,0.2323903,7.78(23),,,,
6d3/2,9p1/2,4401.8289,0.0274,4401.83(3),4.1993504,0.0554617,4.199(55),,,,
6d3/2,9p3/2,4380.0806,0.0271,4380.08(3),1.8674174,0.023416,1.867(23),,,,
6d3/2,10p1/2,3370.7225,0.0161,3370.72(2),2.1378507,0.0306348,2.138(31),,,,
6d3/2,10p3/2,3362.4375,0.016,3362.44(2),0.9546391,0.0132023,0.955(13),,,,
6d3/2,11p1/2,2918.4955,0.012,2918.50(1),1.3801041,0.0202501,1.380(20),,,,
6d3/2,11p3/2,2914.2683,0.012,2914.27(1),0.617254,0.0086628,0.6173(87),,,,
6d3/2,12p1/2,2669.2484,0.0363,2669.25(4),0.999511,0.0151926,1.000(15),,,,
6d3/2,12p3/2,2666.7285,0.0363,2666.73(4),0.4473627,0.0062853,0.4474(63),,,,
6d3/2,13p1/2,2513.8873,0.0322,2513.89(3),0.7742339,0.0119638,0.774(12),,,,
6d3/2,13p3/2,2512.2453,0.0322,2512.25(3),0.3466862,0.0048884,0.3467(49),,,,
6d3/2,4f5/2,5277.0198,0.0394,5277.02(4),9.3610712,0.0708584,9.361(71),,,,
6d3/2,5f5/2,16930.2137,0.4054,16930.2(4),46.293229,0.178689,46.29(18),,,,
6d3/2,6f5/2,5152.379,0.0375,5152.38(4),8.9134893,0.5653415,8.91(57),,,,
6d3/2,7f5/2,3630.2872,0.0186,3630.29(2),5.3347448,0.1472572,5.33(15),,,,
6d3/2,8f5/2,3046.4641,0.0131,3046.46(1),3.6607665,0.0627452,3.661(63),,,,
6d3/2,9f5/2,2744.024,0.1508,2744.0(2)*,2.7057461,0.1818227,2.71(18),,,,
6d3/2,10f5/2,2562.1822,0.066,2562.18(7)*,2.144563,0.1332701,2.14(13),,,,
6d3/2,11f5/2,2442.448,0.06,2442.45(6)*,1.7622663,0.1035997,1.76(10),,,,
6d5/2,5p3/2,630.0068,0.0004,630.0068(4),1.5116302,0.0484439,1.512(48),,,,
6d5/2,6p3/2,2042.1504,0.0059,2042.150(6),2.4647754,0.1099317,2.46(11),,,,
6d5/2,7p3/2,12205.8393,0.2107,12205.8(2),42.496028,0.060291,42.496(60),,,,
6d5/2,8p3/2,8588.1141,0.1043,8588.1(1),23.396867,0.671563,23.40(67),,,,
6d5/2,9p3/2,4384.4265,0.0272,4384.43(3),5.6132079,0.0671483,5.613(67),,,,
6d5/2,10p3/2,3364.998,0.016,3365.00(2),2.8686407,0.0378553,2.869(38),,,,
6d5/2,11p3/2,2916.1916,0.012,2916.19(1),1.8545542,0.0248364,1.855(25),,,,
6d5/2,12p3/2,2668.3388,0.0363,2668.34(4),1.3440119,0.0180182,1.344(18),,,,
6d5/2,13p3/2,2513.6744,0.0322,2513.67(3),1.0415005,0.0140311,1.042(14),,,,
6d5/2,4f5/2,5270.7255,0.0393,5270.73(4),2.4938371,0.0181292,2.494(18),,,,
6d5/2,4f7/2,5270.6533,0.0393,5270.65(4),11.152424,0.08107,11.152(81),,,,
6d5/2,5f5/2,16995.328,0.4085,16995.3(4),12.376335,0.045198,12.376(45),,,,
6d5/2,5f7/2,16995.8768,0.4085,16995.9(4),55.348422,0.202163,55.35(20),,,,
6d5/2,6f5/2,5158.3936,0.0376,5158.39(4),2.3953367,0.1448469,2.40(14),,,,
6d5/2,6f7/2,5158.4362,0.0376,5158.44(4),10.713311,0.647685,10.71(65),,,,
6d5/2,7f5/2,3633.2721,0.0187,3633.27(2),1.4322367,0.0378437,1.432(38),,,,
6d5/2,7f7/2,3633.2879,0.0187,3633.29(2),6.4056499,0.1692132,6.41(17),,,,
6d5/2,8f5/2,3048.5658,0.0131,3048.57(1),0.9823271,0.0161667,0.982(16),,,,
6d5/2,8f7/2,3048.5704,0.0131,3048.57(1),4.3932827,0.072163,4.393(72),,,,
6d5/2,9f5/2,2745.729,0.151,2745.7(2)*,0.7261808,0.0468039,0.726(47),,,,
6d5/2,9f7/2,2745.7366,0.151,2745.7(2)*,3.2478023,0.2093224,3.25(21),,,,
6d5/2,10f5/2,2563.6687,0.0661,2563.67(7)*,0.5753854,0.0342842,0.575(34),,,,
6d5/2,10f7/2,2563.6753,0.0661,2563.68(7)*,2.5733703,0.1533295,2.57(15),,,,
6d5/2,11f5/2,2443.7987,0.06,2443.80(6)*,0.4727159,0.0266393,0.473(27),,,,
6d5/2,11f7/2,2443.7987,0.06,2443.80(6)*,2.114184,0.1191386,2.11(12),,,,
7d3/2,5p1/2,564.9346,0.0003,564.9346(3),0.7875376,0.0205306,0.788(21),,,,
7d3/2,5p3/2,572.6207,0.0003,572.6207(3),0.3697375,0.009185,0.3697(92),,,,
7d3/2,6p1/2,1523.2218,0.0033,1523.222(3),1.3292388,0.0459775,1.329(46),,,,
7d3/2,6p3/2,1541.4206,0.0034,1541.421(3),0.6487063,0.0205981,0.649(21),,,,
7d3/2,7p1/2,4089.824,0.0237,4089.82(2),1.8054383,0.1131065,1.81(11),,,,
7d3/2,7p3/2,4149.3724,0.0243,4149.37(2),0.987567,0.0504311,0.988(50),,,,
7d3/2,8p1/2,22463.1772,0.7136,22463.2(7),47.746459,0.078364,47.746(78),,,,
7d3/2,8p3/2,23456.3934,0.7781,23456.4(8),21.530607,0.034583,21.531(35),,,,
7d3/2,9p1/2,14731.9449,0.3069,14731.9(3),26.92048,0.614807,26.92(61),,,,
7d3/2,9p3/2,14491.1365,0.297,14491.1(3),11.704623,0.271026,11.70(27),,,,
7d3/2,10p1/2,7279.4137,0.0749,7279.41(7),6.3812967,0.0796524,6.381(80),,,,
7d3/2,10p3/2,7240.8832,0.0741,7240.88(7),2.8363771,0.0337882,2.836(34),,,,
7d3/2,11p1/2,5454.237,0.0421,5454.24(4),3.2295712,0.0434544,3.230(43),,,,
7d3/2,11p3/2,5439.4919,0.0418,5439.49(4),1.4419408,0.0188114,1.442(19),,,,
7d3/2,12p1/2,4643.8471,0.11,4643.8(1),2.0742397,0.0289518,2.074(29),,,,
7d3/2,12p3/2,4636.2255,0.1096,4636.2(1),0.9276823,0.0122288,0.928(12),,,,
7d3/2,13p1/2,4193.018,0.0896,4193.02(9),1.4969253,0.0214741,1.497(21),,,,
7d3/2,13p3/2,4188.4519,0.0895,4188.45(9),0.6700655,0.0089078,0.6701(89),,,,
7d3/2,4f5/2,2866.9766,0.0116,2866.98(1),2.3274818,0.029835,2.327(30),,,,
7d3/2,5f5/2,9976.794,0.1408,9976.8(1),19.62776,0.136184,19.63(14),,,,
7d3/2,6f5/2,28746.784,1.1687,28747(1),70.445819,0.254063,70.45(25),,,,
7d3/2,7f5/2,8608.6894,0.1048,8608.7(1),8.407889,0.6086525,8.41(61),,,,
7d3/2,8f5/2,5918.8829,0.0495,5918.88(5),5.4703318,0.16136,5.47(16),,,,
7d3/2,9f5/2,4874.9645,0.4759,4875.0(5)*,3.7978902,0.3708838,3.80(37),,,,
7d3/2,10f5/2,4329.1224,0.1883,4329.1(2)*,2.9043503,0.252127,2.90(25),,,,
7d3/2,11f5/2,3997.9738,0.1606,3998.0(2)*,2.327488,0.1868531,2.33(19),,,,
7d5/2,5p3/2,572.5713,0.0003,572.5713(3),1.1041954,0.0264412,1.104(26),,,,
7d5/2,6p3/2,1541.0626,0.0034,1541.063(3),1.9293323,0.0598367,1.929(60),,,,
7d5/2,7p3/2,4146.7794,0.0243,4146.78(2),2.9006585,0.1439583,2.90(14),,,,
7d5/2,8p3/2,23373.77,0.7726,23373.8(8),64.570939,0.099193,64.571(99),,,,
7d5/2,9p3/2,14522.8517,0.2983,14522.9(3),35.216902,0.780088,35.22(78),,,,
7d5/2,10p3/2,7248.7931,0.0743,7248.79(7),8.5257776,0.0967964,8.526(97),,,,
7d5/2,11p3/2,5443.9545,0.0419,5443.95(4),4.3325612,0.0538852,4.333(54),,,,
7d5/2,12p3/2,4639.467,0.1098,4639.5(1),2.7868932,0.0350243,2.787(35),,,,
7d5/2,13p3/2,4191.0973,0.0896,4191.10(9),2.0127804,0.0255342,2.013(26),,,,
7d5/2,4f5/2,2865.7384,0.0116,2865.74(1),0.621437,0.0075967,0.6214(76),,,,
7d5/2,4f7/2,2865.7171,0.0116,2865.72(1),2.7790955,0.0339722,2.779(34),,,,
7d5/2,5f5/2,9961.8164,0.1403,9961.8(1),5.2272633,0.0343376,5.227(34),,,,
7d5/2,5f7/2,9961.6278,0.1403,9961.6(1),23.376201,0.153561,23.38(15),,,,
7d5/2,6f5/2,28871.8609,1.1789,28872(1),18.836427,0.064016,18.836(64),,,,
7d5/2,6f7/2,28873.1947,1.179,28873(1),84.239002,0.286278,84.24(29),,,,
7d5/2,7f5/2,8619.8723,0.1051,8619.9(1),2.2684129,0.1549034,2.27(15),,,,
7d5/2,7f7/2,8619.9614,0.1051,8620.0(1),10.146299,0.6926909,10.15(69),,,,
7d5/2,8f5/2,5924.1671,0.0496,5924.17(5),1.4724866,0.0410961,1.472(41),,,,
7d5/2,8f7/2,5924.1847,0.0496,5924.18(5),6.5855977,0.183441,6.59(18),,,,
7d5/2,9f5/2,4878.5485,0.4766,4878.5(5)*,1.0223254,0.0955528,1.022(96),,,,
7d5/2,9f7/2,4878.5723,0.4766,4878.6(5)*,4.5724569,0.4273554,4.57(43),,,,
7d5/2,10f5/2,4331.9486,0.1886,4331.9(2)*,0.7811666,0.0649014,0.781(65),,,,
7d5/2,10f7/2,4331.9673,0.1886,4332.0(2)*,3.4938183,0.2902661,3.49(29),,,,
7d5/2,11f5/2,4000.384,0.1608,4000.4(2)*,0.6257066,0.0480711,0.626(48),,,,
7d5/2,11f7/2,4000.384,0.1608,4000.4(2)*,2.7984985,0.2149928,2.80(21),,,,
8d3/2,5p1/2,536.409,0.0003,536.4090(3),0.6051033,0.0130228,0.605(13),,,,
8d3/2,5p3/2,543.3337,0.0003,543.3337(3),0.2826936,0.0058182,0.2827(58),,,,
8d3/2,6p1/2,1332.2038,0.0025,1332.204(3),1.0048725,0.027605,1.005(28),,,,
8d3/2,6p3/2,1346.1035,0.0026,1346.104(3),0.4824125,0.0123094,0.482(12),,,,
8d3/2,7p1/2,2952.971,0.0123,2952.97(1),1.566755,0.0508802,1.567(51),,,,
8d3/2,7p3/2,2983.89,0.0126,2983.89(1),0.7840434,0.0227677,0.784(23),,,,
8d3/2,8p1/2,7212.4053,0.0736,7212.41(7),1.9490212,0.1664815,1.95(17),,,,
8d3/2,8p3/2,7311.8122,0.0756,7311.81(8),1.1279316,0.0744367,1.128(74),,,,
8d3/2,9p1/2,38090.8849,2.0519,38091(2),67.175977,0.116577,67.18(12),,,,
8d3/2,9p3/2,39800.995,2.2403,39801(2),30.294765,0.051306,30.295(51),,,,
8d3/2,10p1/2,23126.1997,0.7564,23126.2(8),37.821826,0.70959,37.82(71),,,,
8d3/2,10p3/2,22741.7447,0.7314,22741.7(7),16.439958,0.309814,16.44(31),,,,
8d3/2,11p1/2,11209.38,0.1777,11209.4(2),8.9766455,0.1082008,8.98(11),,,,
8d3/2,11p3/2,11147.2778,0.1757,11147.3(2),3.9900653,0.0460666,3.990(46),,,,
8d3/2,12p1/2,8250.4166,0.3471,8250.4(3),4.5146264,0.0582378,4.515(58),,,,
8d3/2,12p3/2,8226.3903,0.3451,8226.4(3),2.0160461,0.0252865,2.016(25),,,,
8d3/2,13p1/2,6927.1746,0.2447,6927.2(2),2.8849458,0.038807,2.885(39),,,,
8d3/2,13p3/2,6914.7207,0.2438,6914.7(2),1.2906946,0.0163186,1.291(16),,,,
8d3/2,4f5/2,2257.6819,0.0072,2257.682(7),1.1765054,0.0141565,1.177(14),,,,
8d3/2,5f5/2,5144.9513,0.0374,5144.95(4),4.777544,0.0519008,4.778(52),,,,
8d3/2,6f5/2,16850.2785,0.4015,16850.3(4),32.474913,0.212733,32.47(21),,,,
8d3/2,7f5/2,45394.707,2.9142,45395(3),98.377638,0.319185,98.38(32),,,,
8d3/2,8f5/2,13365.7497,0.2526,13365.7(3),7.9156345,0.6585655,7.92(66),,,,
8d3/2,9f5/2,9009.2525,1.6254,9009(2)*,5.4110918,0.7997316,5.41(80),,,,
8d3/2,10f5/2,7306.6834,0.5365,7306.7(5)*,3.9729202,0.4744097,3.97(47),,,,
8d3/2,11f5/2,6410.503,0.413,6410.5(4)*,3.0789836,0.3248713,3.08(32),,,,
8d5/2,5p3/2,543.3038,0.0003,543.3038(3),0.8444507,0.0166714,0.844(17),,,,
8d5/2,6p3/2,1345.92,0.0026,1345.920(3),1.4366738,0.0355475,1.437(36),,,,
8d5/2,7p3/2,2982.9883,0.0126,2982.99(1),2.323862,0.0662221,2.324(66),,,,
8d5/2,8p3/2,7306.4005,0.0755,7306.40(8),3.2888066,0.2122021,3.29(21),,,,
8d5/2,9p3/2,39641.1681,2.2223,39641(2),90.840678,0.146889,90.84(15),,,,
8d5/2,10p3/2,22794.2568,0.7348,22794.3(7),49.476703,0.889375,49.48(89),,,,
8d5/2,11p3/2,11159.8798,0.1761,11159.9(2),11.992998,0.131907,11.99(13),,,,
8d5/2,12p3/2,8233.2513,0.3456,8233.3(3),6.0568796,0.0723965,6.057(72),,,,
8d5/2,13p3/2,6919.5676,0.2441,6919.6(2),3.8768779,0.0467152,3.877(47),,,,
8d5/2,4f5/2,2257.1657,0.0072,2257.166(7),0.314269,0.0035903,0.3143(36),,,,
8d5/2,4f7/2,2257.1524,0.0072,2257.152(7),1.40543,0.0160557,1.405(16),,,,
8d5/2,5f5/2,5142.2712,0.0374,5142.27(4),1.2757711,0.0131525,1.276(13),,,,
8d5/2,5f7/2,5142.221,0.0374,5142.22(4),5.7053138,0.0587936,5.705(59),,,,
8d5/2,6f5/2,16821.5652,0.4002,16821.6(4),8.6475517,0.0536002,8.648(54),,,,
8d5/2,6f7/2,16821.1125,0.4002,16821.1(4),38.671263,0.239707,38.67(24),,,,
8d5/2,7f5/2,45604.4182,2.9412,45604(3),26.308506,0.080123,26.309(80),,,,
8d5/2,7f7/2,45606.914,2.9416,45607(3),117.6555,0.35829,117.66(36),,,,
8d5/2,8f5/2,13383.8708,0.2533,13383.9(3),2.1457778,0.1667811,2.15(17),,,,
8d5/2,8f7/2,13383.9604,0.2533,13384.0(3),9.5975376,0.7448398,9.60(74),,,,
8d5/2,9f5/2,9017.4822,1.6283,9017(2)*,1.463508,0.2063445,1.46(21),,,,
8d5/2,9f7/2,9017.5635,1.6284,9018(2)*,6.5460847,0.9228889,6.55(92),,,,
8d5/2,10f5/2,7312.0956,0.5373,7312.1(5)*,1.0720312,0.1222395,1.07(12),,,,
8d5/2,10f7/2,7312.1491,0.5373,7312.1(5)*,4.7949249,0.5467174,4.79(55),,,,
8d5/2,11f5/2,6414.6686,0.4135,6414.7(4)*,0.8298714,0.08364,0.830(84),,,,
8d5/2,11f7/2,6414.6686,0.4135,6414.7(4)*,3.7117554,0.3740784,3.71(37),,,,
9d3/2,5p1/2,519.6721,0.0003,519.6721(3),0.4829207,0.0090452,0.4829(90),,,,
9d3/2,5p3/2,526.1687,0.0003,526.1687(3),0.2249844,0.0040404,0.2250(40),,,,
9d3/2,6p1/2,1233.5363,0.0022,1233.536(2),0.7863051,0.0183236,0.786(18),,,,
9d3/2,6p3/2,1245.4442,0.0022,1245.444(2),0.3746067,0.0081502,0.3746(82),,,,
9d3/2,7p1/2,2508.2553,0.0089,2508.255(9),1.2007896,0.032655,1.201(33),,,,
9d3/2,7p3/2,2530.5277,0.0091,2530.528(9),0.5877061,0.0145526,0.588(15),,,,
9d3/2,8p1/2,5032.9279,0.0358,5032.93(4),1.791978,0.0511009,1.792(51),,,,
9d3/2,8p3/2,5081.133,0.0365,5081.13(4),0.91847,0.0226909,0.918(23),,,,
9d3/2,9p1/2,11588.224,0.1899,11588.2(2),2.02749,0.2286844,2.03(23),,,,
9d3/2,9p3/2,11741.706,0.195,11741.7(2),1.2504681,0.1024546,1.25(10),,,,
9d3/2,10p1/2,59522.038,5.0104,59522(5),89.715812,0.16235,89.72(16),,,,
9d3/2,10p3/2,62229.6898,5.4766,62230(5),40.46464,0.071311,40.465(71),,,,
9d3/2,11p1/2,34282.384,1.6621,34282(2),50.58699,0.807159,50.59(81),,,,
9d3/2,11p3/2,33708.0545,1.6069,33708(2),21.990202,0.35318,21.99(35),,,,
9d3/2,12p1/2,16349.353,1.363,16349(1),11.982353,0.141076,11.98(14),,,,
9d3/2,12p3/2,16255.2728,1.3473,16255(1),5.3266993,0.060214,5.327(60),,,,
9d3/2,13p1/2,11859.9342,0.7172,11859.9(7),5.9917772,0.0751718,5.992(75),,,,
9d3/2,13p3/2,11823.4755,0.7128,11823.5(7),2.6765574,0.0327036,2.677(33),,,,
9d3/2,4f5/2,1988.1755,0.0056,1988.176(6),0.7528637,0.0085026,0.7529(85),,,,
9d3/2,5f5/2,3930.7125,0.0219,3930.71(2),2.3978025,0.0259204,2.398(26),,,,
9d3/2,6f5/2,8376.0722,0.0992,8376.1(1),7.7789135,0.0756782,7.779(76),,,,
9d3/2,7f5/2,26307.1358,0.9787,26307(1),47.949983,0.302289,47.95(30),,,,
9d3/2,8f5/2,67674.5665,6.4769,67675(6),130.25025,0.37813,130.25(38),,,,
9d3/2,9f5/2,19624.9669,7.7124,19625(8)*,6.6522982,2.1813241,6.7(22),,,,
9d3/2,10f5/2,13017.5281,1.703,13018(2)*,5.4905868,0.9817891,5.49(98),,,,
9d3/2,11f5/2,10421.8233,1.0916,10422(1)*,4.1304231,0.5856849,4.13(59),,,,
9d5/2,5p3/2,526.1495,0.0003,526.1495(3),0.6722006,0.0115086,0.672(12),,,,
9d5/2,6p3/2,1245.3364,0.0022,1245.336(2),1.1163767,0.0233816,1.116(23),,,,
9d5/2,7p3/2,2530.0827,0.0091,2530.083(9),1.7459592,0.0419349,1.746(42),,,,
9d5/2,8p3/2,5079.3393,0.0365,5079.34(4),2.7138541,0.0657135,2.714(66),,,,
9d5/2,9p3/2,11732.132,0.1947,11732.1(2),3.6191626,0.2916698,3.62(29),,,,
9d5/2,10p3/2,61961.7077,5.4295,61962(5),121.32234,0.20383,121.32(20),,,,
9d5/2,11p3/2,33787.2082,1.6144,33787(2),66.187138,1.009749,66.2(10),,,,
9d5/2,12p3/2,16273.6578,1.3504,16274(1),16.009538,0.172312,16.01(17),,,,
9d5/2,13p3/2,11833.1992,0.714,11833.2(7),8.0404129,0.0935848,8.040(94),,,,
9d5/2,4f5/2,1987.9008,0.0056,1987.901(6),0.2011458,0.0021487,0.2011(21),,,,
9d5/2,4f7/2,1987.8906,0.0056,1987.891(6),0.8995373,0.0096091,0.8995(96),,,,
9d5/2,5f5/2,3929.639,0.0218,3929.64(2),0.6406479,0.0065461,0.6406(65),,,,
9d5/2,5f7/2,3929.6097,0.0218,3929.61(2),2.8650209,0.0292653,2.865(29),,,,
9d5/2,6f5/2,8371.1991,0.0991,8371.2(1),2.0775607,0.0190802,2.078(19),,,,
9d5/2,6f7/2,8371.0869,0.0991,8371.1(1),9.2909422,0.0853091,9.291(85),,,,
9d5/2,7f5/2,26259.125,0.9752,26259(1),12.767892,0.076076,12.768(76),,,,
9d5/2,7f7/2,26258.2976,0.9751,26258(1),57.096862,0.340219,57.10(34),,,,
9d5/2,8f5/2,67994.3701,6.5382,67994(7),34.835222,0.094276,34.835(94),,,,
9d5/2,8f7/2,67996.6818,6.5387,67997(7),155.78826,0.42123,155.79(42),,,,
9d5/2,9f5/2,19651.7706,7.7335,19652(8)*,1.8286134,0.5642919,1.83(56),,,,
9d5/2,9f7/2,19652.1568,7.7338,19652(8)*,8.1808854,2.5239269,8.2(25),,,,
9d5/2,10f5/2,13029.316,1.7061,13029(2)*,1.4899348,0.2532478,1.49(25),,,,
9d5/2,10f7/2,13029.4857,1.7061,13029(2)*,6.6645937,1.1326784,6.7(11),,,,
9d5/2,11f5/2,10429.3775,1.0931,10429(1)*,1.1172533,0.1508738,1.12(15),,,,
9d5/2,11f7/2,10429.3775,1.0931,10429(1)*,4.9973589,0.6747915,5.00(67),,,,
10d3/2,5p1/2,508.9406,0.0001,508.9406(1),0.3971006,0.0066114,0.3971(66),,,,
10d3/2,5p3/2,515.1701,0.0001,515.1701(1),0.1846759,0.0029549,0.1847(30),,,,
10d3/2,6p1/2,1174.739,0.0015,1174.739(1),0.6367918,0.0129089,0.637(13),,,,
10d3/2,6p3/2,1185.5338,0.0015,1185.534(2),0.3020502,0.005734,0.3021(57),,,,
10d3/2,7p1/2,2276.5612,0.0056,2276.561(6),0.9490939,0.0221423,0.949(22),,,,
10d3/2,7p3/2,2294.8939,0.0057,2294.894(6),0.4597591,0.0098415,0.4598(98),,,,
10d3/2,8p1/2,4179.4313,0.0188,4179.43(2),1.389067,0.0344284,1.389(34),,,,
10d3/2,8p3/2,4212.6193,0.0191,4212.62(2),0.6921352,0.0152538,0.692(15),,,,
10d3/2,9p1/2,7882.084,0.0669,7882.08(7),2.0054582,0.0560544,2.005(56),,,,
10d3/2,9p3/2,7952.7922,0.0681,7952.79(7),1.052262,0.0238639,1.052(24),,,,
10d3/2,10p1/2,17428.8901,0.3272,17428.9(3),2.0524599,0.2998349,2.05(30),,,,
10d3/2,10p3/2,17653.8088,0.3357,17653.8(3),1.3626471,0.1344918,1.36(13),,,,
10d3/2,11p1/2,87673.1545,8.2787,87673(8),115.37127,0.21574,115.37(22),,,,
10d3/2,11p3/2,91667.4306,9.0502,91667(9),52.038196,0.094674,52.038(95),,,,
10d3/2,12p1/2,48569.6246,11.8327,48570(10),65.170192,0.861719,65.17(86),,,,
10d3/2,12p3/2,47748.6511,11.4361,47750(10),28.329788,0.375527,28.33(38),,,,
10d3/2,13p1/2,22861.3232,2.6215,22861(3),15.400033,0.178599,15.40(18),,,,
10d3/2,13p3/2,22726.2397,2.5907,22726(3),6.8475022,0.0763553,6.848(76),,,,
10d3/2,4f5/2,1839.7599,0.0036,1839.760(4),0.541359,0.0057889,0.5414(58),,,,
10d3/2,5f5/2,3390.0339,0.0124,3390.03(1),1.5278032,0.0159056,1.528(16),,,,
10d3/2,6f5/2,6251.4378,0.0421,6251.44(4),3.878178,0.0389054,3.878(39),,,,
10d3/2,7f5/2,12724.589,0.1744,12724.6(2),11.338061,0.101643,11.34(10),,,,
10d3/2,8f5/2,38761.3425,1.6182,38761(2),66.074617,0.405147,66.07(41),,,,
10d3/2,9f5/2,96339.1137,185.6616,96300(200)*,165.69548,1.90262,165.7(19),,,,
10d3/2,10f5/2,27590.7736,7.6186,27591(8)*,5.9508756,2.60598,6.0(26),,,,
10d3/2,11f5/2,18058.0385,3.2635,18058(3)*,5.5431868,1.1796387,5.5(12),,,,
10d5/2,5p3/2,515.1569,0.0001,515.1569(1),0.5518272,0.008389,0.5518(84),,,,
10d5/2,6p3/2,1185.4638,0.0015,1185.464(2),0.9004642,0.0163935,0.900(16),,,,
10d5/2,7p3/2,2294.6316,0.0057,2294.632(6),1.3672205,0.0282431,1.367(28),,,,
10d5/2,8p3/2,4211.7357,0.0191,4211.74(2),2.0513843,0.0438567,2.051(44),,,,
10d5/2,9p3/2,7949.6438,0.0681,7949.64(7),3.0996437,0.0678138,3.100(68),,,,
10d5/2,10p3/2,17638.3019,0.3351,17638.3(3),3.912696,0.3826916,3.91(38),,,,
10d5/2,11p3/2,91250.8669,8.9682,91251(9),156.00919,0.27039,156.01(27),,,,
10d5/2,12p3/2,47862.4624,11.4907,47860(10),85.275729,1.068538,85.3(11),,,,
10d5/2,13p3/2,22751.9897,2.5965,22752(3),20.57904,0.21847,20.58(22),,,,
10d5/2,4f5/2,1839.5913,0.0036,1839.591(4),0.1446512,0.0014604,0.1447(15),,,,
10d5/2,4f7/2,1839.5825,0.0036,1839.583(4),0.6468903,0.0065311,0.6469(65),,,,
10d5/2,5f5/2,3389.4617,0.0124,3389.46(1),0.4082864,0.0040117,0.4083(40),,,,
10d5/2,5f7/2,3389.4399,0.0124,3389.44(1),1.8258877,0.0179353,1.826(18),,,,
10d5/2,6f5/2,6249.4922,0.0421,6249.49(4),1.0363687,0.0098055,1.0364(98),,,,
10d5/2,6f7/2,6249.4297,0.0421,6249.43(4),4.6347113,0.0438444,4.635(44),,,,
10d5/2,7f5/2,12716.5307,0.1742,12716.5(2),3.0285,0.0255549,3.029(26),,,,
10d5/2,7f7/2,12716.3367,0.1742,12716.3(2),13.543593,0.114268,13.54(11),,,,
10d5/2,8f5/2,38686.6651,1.612,38687(2),17.593612,0.101946,17.59(10),,,,
10d5/2,8f7/2,38685.9168,1.6119,38686(2),78.678665,0.455911,78.68(46),,,,
10d5/2,9f5/2,96803.5469,187.456,96800(200)*,44.326774,0.487389,44.33(49),,,,
10d5/2,9f7/2,96812.9187,187.4923,96800(200)*,198.23676,2.17962,198.2(22),,,,
10d5/2,10f5/2,27628.7361,7.6396,27629(8)*,1.6533627,0.6742198,1.65(67),,,,
10d5/2,10f7/2,27629.4995,7.64,27629(8)*,7.3979356,3.0156329,7.4(30),,,,
10d5/2,11f5/2,18074.2926,3.2694,18074(3)*,1.5095719,0.3043207,1.51(30),,,,
10d5/2,11f7/2,18074.2926,3.2694,18074(3)*,6.7527709,1.3611188,6.8(14),,,,
11d3/2,5p1/2,501.616,0.0126,501.62(1)*,0.3392027,0.0124906,0.339(12),,,,
11d3/2,5p3/2,507.6664,0.0129,507.67(1)*,0.1574746,0.0054948,0.1575(55),,,,
11d3/2,6p1/2,1136.4361,0.0646,1136.44(6)*,0.5393835,0.0302312,0.539(30),,,,
11d3/2,6p3/2,1146.5354,0.0657,1146.54(7)*,0.2548539,0.0134589,0.255(13),,,,
11d3/2,7p1/2,2136.9804,0.2284,2137.0(2)*,0.7907049,0.0600526,0.791(60),,,,
11d3/2,7p3/2,2153.126,0.2318,2153.1(2)*,0.3801757,0.0269217,0.380(27),,,,
11d3/2,8p1/2,3731.9281,0.6965,3731.9(7)*,1.1288012,0.112646,1.13(11),,,,
11d3/2,8p3/2,3758.3671,0.7064,3758.4(7)*,0.5540277,0.0508015,0.554(51),,,,
11d3/2,9p1/2,6428.3464,2.0666,6428(2)*,1.6069947,0.2158406,1.61(22),,,,
11d3/2,9p3/2,6475.3,2.0969,6475(2)*,0.8121343,0.09799,0.812(98),,,,
11d3/2,10p1/2,11618.8551,6.7512,11619(7)*,2.2555671,0.460233,2.26(46),,,,
11d3/2,10p3/2,11718.3838,6.8674,11718(7)*,1.2064544,0.210907,1.21(21),,,,
11d3/2,11p1/2,24939.5217,31.1052,24940(30)*,1.9729805,1.2912211,2.0(13),,,,
11d3/2,11p3/2,25252.5253,31.8909,25250(30)*,1.4313021,0.6031413,1.43(60),,,,
11d3/2,12p1/2,123426.3145,765.5018,123400(800)*,144.17234,0.66605,144.17(67),,,,
11d3/2,12p3/2,129065.5653,837.0501,129100(800)*,65.021272,0.280517,65.02(28),,,,
11d3/2,13p1/2,66440.7681,221.8196,66400(200)*,80.693343,2.707332,80.7(27),,,,
11d3/2,13p3/2,65312.5204,214.35,65300(200)*,35.081842,1.227244,35.1(12),,,,
11d3/2,4f5/2,1747.5179,0.1527,1747.5(2)*,0.4212012,0.0024082,0.4212(24),,,,
11d3/2,5f5/2,3089.535,0.4774,3089.5(5)*,1.106627,0.0040563,1.1066(41),,,,
11d3/2,6f5/2,5300.7036,1.4052,5301(1)*,2.4842524,0.0065961,2.4843(66),,,,
11d3/2,7f5/2,9321.4888,4.3454,9321(4)*,5.67126,0.0192387,5.671(19),,,,
11d3/2,8f5/2,18352.0249,16.8432,18350(20)*,15.583781,0.136024,15.58(14),,,,
11d3/2,9f5/2,54611.9819,160.6108,54600(200)*,86.647492,3.535464,86.6(35),,,,
11d3/2,10f5/2,132397.7228,893.8151,132400(900)*,205.5581,2.43543,205.6(24),,,,
11d3/2,11f5/2,37472.8322,71.6011,37470(70)*,5.1344289,3.0782897,5.1(31),,,,
11d5/2,5p3/2,507.6571,0.0129,507.66(1)*,0.4702491,0.015767,0.470(16),,,,
11d5/2,6p3/2,1146.488,0.0657,1146.49(7)*,0.7594346,0.0384691,0.759(38),,,,
11d5/2,7p3/2,2152.9591,0.2318,2153.0(2)*,1.1305008,0.0768577,1.131(77),,,,
11d5/2,8p3/2,3757.8586,0.7062,3757.9(7)*,1.6434229,0.144907,1.64(14),,,,
11d5/2,9p3/2,6473.7909,2.0959,6474(2)*,2.4007784,0.2792484,2.40(28),,,,
11d5/2,10p3/2,11713.4423,6.8616,11713(7)*,3.5434637,0.6002258,3.54(60),,,,
11d5/2,11p3/2,25229.5893,31.833,25230(30)*,4.0802655,1.7116619,4.1(17),,,,
11d5/2,12p3/2,128468.6536,829.3255,128500(800)*,194.92913,0.79822,194.93(80),,,,
11d5/2,13p3/2,65466.4484,215.3616,65500(200)*,105.67156,3.50616,105.7(35),,,,
11d5/2,4f5/2,1747.408,0.1527,1747.4(2)*,0.1124875,0.0006554,0.11249(66),,,,
11d5/2,4f7/2,1747.4,0.1527,1747.4(2)*,0.5030524,0.0029318,0.5031(29),,,,
11d5/2,5f5/2,3089.1914,0.4773,3089.2(5)*,0.2955979,0.0011402,0.2956(11),,,,
11d5/2,5f7/2,3089.1733,0.4772,3089.2(5)*,1.3219338,0.0051031,1.3219(51),,,,
11d5/2,6f5/2,5299.6923,1.4046,5300(1)*,0.6636509,0.0019174,0.6637(19),,,,
11d5/2,6f7/2,5299.6474,1.4046,5300(1)*,2.9678953,0.008586,2.9679(86),,,,
11d5/2,7f5/2,9318.3618,4.3425,9318(4)*,1.5149529,0.0054544,1.5150(55),,,,
11d5/2,7f7/2,9318.2576,4.3424,9318(4)*,6.7749805,0.0244206,6.775(24),,,,
11d5/2,8f5/2,18339.9082,16.821,18340(20)*,4.1609532,0.036303,4.161(36),,,,
11d5/2,8f7/2,18339.74,16.8207,18340(20)*,18.607991,0.162437,18.61(16),,,,
11d5/2,9f5/2,54504.8237,159.9812,54500(200)*,23.072761,0.909174,23.07(91),,,,
11d5/2,9f7/2,54501.8531,159.9637,54500(200)*,103.17887,4.06637,103.2(41),,,,
11d5/2,10f5/2,133031.7946,902.3969,133000(900)*,54.993057,0.623121,54.99(62),,,,
11d5/2,10f7/2,133049.4944,902.637,133000(900)*,245.93854,2.78664,245.9(28),,,,
11d5/2,11f5/2,37523.4522,71.7947,37520(70)*,1.447473,0.7955182,1.45(80),,,,
11d5/2,11f7/2,37523.4522,71.7947,37520(70)*,6.4780358,3.5581986,6.5(36),,,,
12d3/2,5p1/2,496.3875,0.0123,496.39(1)*,0.2903692,0.0092186,0.2904(92),,,,
12d3/2,5p3/2,502.3118,0.0126,502.31(1)*,0.1346977,0.0040578,0.1347(41),,,,
12d3/2,6p1/2,1109.9495,0.0616,1109.95(6)*,0.4576224,0.0215926,0.458(22),,,,
12d3/2,6p3/2,1119.5815,0.0627,1119.58(6)*,0.2158351,0.0096181,0.2158(96),,,,
12d3/2,7p1/2,2045.2073,0.2092,2045.2(2)*,0.6610855,0.0414569,0.661(41),,,,
12d3/2,7p3/2,2059.9911,0.2122,2060.0(2)*,0.3167136,0.0185856,0.317(19),,,,
12d3/2,8p1/2,3460.7345,0.599,3460.7(6)*,0.924016,0.0738729,0.924(74),,,,
12d3/2,8p3/2,3483.4588,0.6068,3483.5(6)*,0.4503071,0.033287,0.450(33),,,,
12d3/2,9p1/2,5663.8291,1.6043,5664(2)*,1.2816558,0.1303044,1.28(13),,,,
12d3/2,9p3/2,5700.2468,1.625,5700(2)*,0.6380087,0.0590151,0.638(59),,,,
12d3/2,10p1/2,9340.1205,4.3628,9340(4)*,1.7864712,0.2402126,1.79(24),,,,
12d3/2,10p3/2,9404.3298,4.423,9404(4)*,0.9176624,0.1094516,0.92(11),,,,
12d3/2,11p1/2,16367.9516,13.3982,16370(10)*,2.4462073,0.4990074,2.45(50),,,,
12d3/2,11p3/2,16502.1948,13.6188,16500(10)*,1.3390946,0.2294127,1.34(23),,,,
12d3/2,12p1/2,34364.2612,59.3396,34360(60)*,1.834554,1.3742886,1.8(14),,,,
12d3/2,12p3/2,34787.4487,60.8101,34790(60)*,1.4898389,0.6438061,1.49(64),,,,
12d3/2,13p1/2,168152.0094,1420.8061,1.68(1)E+05*,176.03366,0.75824,176.03(76),,,,
12d3/2,13p3/2,175839.6343,1553.6895,1.76(2)E+05*,79.394659,0.323587,79.39(32),,,,
12d3/2,4f5/2,1685.6635,0.1421,1685.7(1)*,0.3391679,0.0015657,0.3392(16),,,,
12d3/2,5f5/2,2901.315,0.421,2901.3(4)*,0.8507024,0.0021795,0.8507(22),,,,
12d3/2,6f5/2,4769.8045,1.1378,4770(1)*,1.7756251,0.0020828,1.7756(21),,,,
12d3/2,7f5/2,7795.6298,3.0392,7796(3)*,3.5817816,0.0023116,3.5818(23),,,,
12d3/2,8f5/2,13247.1562,8.7761,13247(9)*,7.683921,0.0127955,7.684(13),,,,
12d3/2,9f5/2,25439.4668,34.851,25440(30)*,20.285533,0.139435,20.29(14),,,,
12d3/2,10f5/2,74377.0919,282.0753,74400(300)*,109.94232,4.00793,109.9(40),,,,
12d3/2,11f5/2,175808.7201,1576.041,1.76(2)E+05*,249.47219,2.76463,249.5(28),,,,
12d5/2,5p3/2,502.3042,0.0126,502.30(1)*,0.4022462,0.0116819,0.402(12),,,,
12d5/2,6p3/2,1119.5439,0.0627,1119.54(6)*,0.6432253,0.0275923,0.643(28),,,,
12d5/2,7p3/2,2059.8638,0.2122,2059.9(2)*,0.9420365,0.0532641,0.942(53),,,,
12d5/2,8p3/2,3483.0948,0.6067,3483.1(6)*,1.3365943,0.0953316,1.337(95),,,,
12d5/2,9p3/2,5699.2722,1.6244,5699(2)*,1.8888617,0.1689015,1.89(17),,,,
12d5/2,10p3/2,9401.6773,4.4205,9402(4)*,2.7066833,0.3129908,2.71(31),,,,
12d5/2,11p3/2,16494.0292,13.6054,16490(10)*,3.9210553,0.655201,3.92(66),,,,
12d5/2,12p3/2,34751.1815,60.6834,34750(60)*,4.2032581,1.8336757,4.2(18),,,,
12d5/2,13p3/2,174916.9145,1537.4263,1.75(2)E+05*,238.00467,0.92452,238.00(92),,,,
12d5/2,4f5/2,1685.5783,0.1421,1685.6(1)*,0.090583,0.0004304,0.09058(43),,,,
12d5/2,4f7/2,1685.5709,0.1421,1685.6(1)*,0.4050937,0.0019253,0.4051(19),,,,
12d5/2,5f5/2,2901.0625,0.4209,2901.1(4)*,0.2272513,0.0006299,0.22725(63),,,,
12d5/2,5f7/2,2901.0465,0.4209,2901.0(4)*,1.0162837,0.0028196,1.0163(28),,,,
12d5/2,6f5/2,4769.122,1.1375,4769(1)*,0.4744015,0.0006801,0.47440(68),,,,
12d5/2,6f7/2,4769.0856,1.1374,4769(1)*,2.1215613,0.0030486,2.1216(30),,,,
12d5/2,7f5/2,7793.807,3.0378,7794(3)*,0.9570199,0.0008873,0.95702(89),,,,
12d5/2,7f7/2,7793.7341,3.0377,7794(3)*,4.2798758,0.0039839,4.2799(40),,,,
12d5/2,8f5/2,13241.8936,8.7691,13242(9)*,2.0528811,0.0039283,2.0529(39),,,,
12d5/2,8f7/2,13241.806,8.769,13242(9)*,9.1806576,0.017604,9.181(18),,,,
12d5/2,9f5/2,25420.0666,34.7978,25420(30)*,5.4168424,0.0375642,5.417(38),,,,
12d5/2,9f7/2,25419.4204,34.7961,25420(30)*,24.224431,0.168098,24.22(17),,,,
12d5/2,10f5/2,74211.5028,280.8207,74200(300)*,29.274806,1.034787,29.3(10),,,,
12d5/2,10f7/2,74205.9958,280.779,74200(300)*,130.9137,4.62825,130.9(46),,,,
12d5/2,11f5/2,176740.8978,1592.7983,1.77(2)E+05*,66.745112,0.710233,66.75(71),,,,
12d5/2,11f7/2,176740.8978,1592.7983,1.77(2)E+05*,298.49616,3.17627,298.5(32),,,,
